CODE,DESC,TYPE,DOSE_PER_TAB,FAMILY,
ACTA8874EGTON,Accupro  Tablets  20 mg,Quinapril,20,ACEI,
ACTA8875EGTON,Accupro  Tablets  5 mg,Quinapril,5,ACEI,
ACTA8873EGTON,Accupro 10mg tablets (Pfizer Ltd),Quinapril,10,ACEI,
bi45.,ACCUPRO 10mg-28CP tabs,Quinapril,10,ACEI,
bi46.,ACCUPRO TAB 20,Quinapril,20,ACEI,
bi44.,ACCUPRO tabs 5mg,Quinapril,5,ACEI,
bi47.,ACCURETIC TABLETS,Quinapril,10,ACEI,
ACTA18,Acepril  Tablets  25 mg,Captopril,25,ACEI,
ACTA19,Acepril  Tablets  50 mg,Captopril,50,ACEI,
bi11.,ACEPRIL TAB 12.5,Captopril,12.5,ACEI,
bi18.,CAPOTEN,Captopril,NA,ACEI,
bi1a.,CAPOTEN,Captopril,NA,ACEI,
CATA480,Capoten  Tablets  12.5 mg,Captopril,12.5,ACEI,
CATA481,Capoten  Tablets  25 mg,Captopril,25,ACEI,
CATA482,Capoten  Tablets  50 mg,Captopril,50,ACEI,
bi16.,CAPOTEN 12.5mg tabs,Captopril,12.5,ACEI,
bi1x.,CAPOTEN 25mg tabs,Captopril,25,ACEI,
CATA8735BRIDL,Capozide  Tablets  ,Captopril,50,ACEI,
bi1s.,Capozide 25mg/50mg tablets (Bristol-Myers Squibb Pharmace...,Captopril,50,ACEI,
CATA19668EMIS,Capozide Ls  Tablets  ,Captopril,50,ACEI,
bi1d.,CAPOZIDE LS TAB,Captopril,50,ACEI,
bi1c.,CAPOZIDE TAB,Captopril,50,ACEI,
bi1v.,CAPTOPRIL,Captopril,NA,ACEI,
bi1z.,CAPTOPRIL,Captopril,NA,ACEI,
CATA4675,Captopril  Tablets  12.5 mg,Captopril,12.5,ACEI,
CATA483,Captopril  Tablets  25 mg,Captopril,25,ACEI,
CATA484,Captopril  Tablets  50 mg,Captopril,50,ACEI,
bi1G.,CAPTOPRIL + HydChlrThiaz TABS 50MG+25MG,Captopril,50,ACEI,
bi1F.,CAPTOPRIL + HYDROCHLOROTHIAZIDE tabs 25mg + 12.5mg,Captopril,25,ACEI,
CATA8616EGTON,Carace  Tablets  10 mg,Lisinopril,10,ACEI,
CATA8618EGTON,Carace  Tablets  20 mg,Lisinopril,20,ACEI,
CATA8619EGTON,Carace  Tablets  5 mg,Lisinopril,5,ACEI,
bi33.,CARACE (SPECIAL COMP TAB 10,Lisinopril,10,ACEI,
bi39.,CARACE (SPECIAL COMP TAB 10,Lisinopril,10,ACEI,
bi34.,CARACE (SPECIAL COMP TAB 20,Lisinopril,20,ACEI,
bi32.,CARACE (SPECIAL COMP TAB 5,Lisinopril,5,ACEI,
bi37.,CARACE (SPECIAL COMP TAB 5,Lisinopril,5,ACEI,
CATA24703EMIS,Carace 10 Plus  Tablets  ,Lisinopril,10,ACEI,
bi3l.,CARACE 10 PLUS TAB,Lisinopril,10,ACEI,
CATA8617EGTON,Carace 2.5mg tablets (Bristol-Myers Squibb Pharmaceuticals Ltd),Lisinopril,2.5,ACEI,
bi3k.,Carace 20 Plus  Tablets,Lisinopril,20,ACEI,
CATA9093EMIS,Carace 20 Plus  Tablets  ,Lisinopril,20,ACEI,
bi31.,CARACE TAB 2.5,Lisinopril,2.5,ACEI,
bi35.,CARACE TAB 2.5,Lisinopril,2.5,ACEI,
bi83.,CILAZAPRIL,Cilazapril,NA,ACEI,
bi8a.,CILAZAPRIL,Cilazapril,NA,ACEI,
bi84.,Cilazapril  Tablets  2.5 mg,Cilazapril,2.5,ACEI,
CITA18898EMIS,Cilazapril  Tablets  2.5 mg,Cilazapril,2.5,ACEI,
CITA21966EMIS,Cilazapril  Tablets  5 mg,Cilazapril,5,ACEI,
bb3b.,CORDILOX,Verapamil,NA,ACEI,
COTA732,Cordilox  Tablets  160 mg,Verapamil,160,ACEI,
bb38.,cordilox 40mg tablets,Verapamil,40,ACEI,
COTA734,Cordilox 80mg tablets (IVAX Pharmaceuticals UK Ltd),Verapamil,80,ACEI,
COM/4526NEMIS,Cordilox MR 240mg tablets (Teva UK Ltd),Verapamil,240,ACEI,
bb3M.,CORDILOX MR tabs 240mg,Verapamil,240,ACEI,
bb3a.,CORDILOX TAB 120mg,Verapamil,120,ACEI,
COTA9937BRIDL,Coversyl  Tablets  2 mg,Perindopril,2,ACEI,
bi54.,Coversyl  Tablets  4 mg,Perindopril,4,ACEI,
COTA9939BRIDL,Coversyl  Tablets  4 mg,Perindopril,4,ACEI,
COTA14418NEMIS,Coversyl  Tablets  8 mg,Perindopril,8,ACEI,
COTA29341NEMIS,Coversyl Arginine  Tablets  2.5 mg,Perindopril,2.5,ACEI,
biC7.,Coversyl Arginine Plus 5mg/1.25mg tablets (Servier Labora...,Perindopril,5,ACEI,
COTA12941NEMIS,Coversyl Plus  Tablets,Perindopril,NA,ACEI,
bi56.,COVERSYL PLUS tabs,Perindopril,NA,ACEI,
bi53.,COVERSYL TAB 2,Perindopril,2,ACEI,
bi51.,Coversyl Tablets 2 mg,Perindopril,2,ACEI,
bi58.,COVERSYL tabs 8mg,Perindopril,8,ACEI,
COTA1597NEMIS,Co-zidocapt 25mg/50mg tablets,Captopril,50,ACEI,
bi2t.,ENALAPRIL,Enalapril,NA,ACEI,
bi2v.,ENALAPRIL,Enalapril,NA,ACEI,
bi2x.,ENALAPRIL,Enalapril,NA,ACEI,
bi2b.,ENALAPRIL + HYDROCHLOROTHIAZIDE tabs,Enalapril,NA,ACEI,
ENTA1060,Enalapril 10mg tablets,Enalapril,10,ACEI,
ENTA6935,Enalapril 2.5mg tablets,Enalapril,2.5,ACEI,
bi2z.,ENALAPRIL 20MG,Enalapril,20,ACEI,
ENTA18559NEMIS,Enalapril 20mg / Hydrochlorothiazide 12.5mg tablets,Enalapril,20,ACEI,
bi2y.,Enalapril 20mg tablets,Enalapril,20,ACEI,
ENTA1062,Enalapril 20mg tablets,Enalapril,20,ACEI,
bi2u.,Enalapril 5mg tablets,Enalapril,5,ACEI,
ENTA1063,Enalapril 5mg tablets,Enalapril,5,ACEI,
ENOR20099NEMIS,Enalapril Maleate  Oral Suspension Sugar Free  5 mg/5 ml,Enalapril,5,ACEI,
bi2w.,ENALAPRIL MALEATE TAB 10,Enalapril,10,ACEI,
bA1z.,FELODIPINE + RAMIPRIL mr tab 5mg + 5mg,Ramipril,5,ACEI,
bi71.,FOSINOPRIL,Fosinopril,NA,ACEI,
bi72.,FOSINOPRIL,Fosinopril,NA,ACEI,
FOTA9320EMIS,Fosinopril 10mg tablets,Fosinopril,10,ACEI,
FOTA9321EMIS,Fosinopril 20mg tablets,Fosinopril,20,ACEI,
GOCA23759EMIS,Gopten  Capsules  1 mg,Trandolapril,1,ACEI,
GOCA23760EMIS,Gopten  Capsules  2 mg,Trandolapril,2,ACEI,
GOCA16732NEMIS,Gopten  Capsules  4 mg,Trandolapril,4,ACEI,
GOCA23761EMIS,Gopten  Capsules  500 micrograms,Trandolapril,0.5,ACEI,
bi95.,GOPTEN 1mg capsules,Trandolapril,1,ACEI,
bi96.,GOPTEN 2mg capsules,Trandolapril,2,ACEI,
bi94.,GOPTEN CAP 0.5,Trandolapril,0.5,ACEI,
bi93.,GOPTEN capsules 2mg,Trandolapril,2,ACEI,
HAM/21986EMIS,Half Securon Sr  M/R Tablets  120 mg,Verapamil,180,ACEI,
bb3F.,Half Securon SR 120mg tablets (Abbott Laboratories Ltd),Verapamil,180,ACEI,
biBz.,Imidapril 10mg tablets,Imidapril,10,ACEI,
IMTA35377EMIS,Imidapril 10mg tablets,Imidapril,10,ACEI,
IMTA4732NEMIS,Imidapril 20mg tablets,Imidapril,20,ACEI,
biBy.,Imidapril 5mg tablets,Imidapril,5,ACEI,
IMTA35378EMIS,Imidapril 5mg tablets,Imidapril,5,ACEI,
bi25.,Innovace  Tablets  10 mg,Enalapril,10,ACEI,
INTA1470,Innovace  Tablets  10 mg,Enalapril,10,ACEI,
bi21.,Innovace  Tablets  2.5 mg,Enalapril,2.5,ACEI,
INTA1471,Innovace  Tablets  2.5 mg,Enalapril,2.5,ACEI,
bi27.,Innovace  Tablets  20 mg,Enalapril,20,ACEI,
INTA1472,Innovace  Tablets  20 mg,Enalapril,20,ACEI,
bi23.,Innovace  Tablets  5 mg,Enalapril,5,ACEI,
INTA1473,Innovace  Tablets  5 mg,Enalapril,5,ACEI,
bi24.,INNOVACE TAB 10,Enalapril,10,ACEI,
bi26.,INNOVACE TAB 20,Enalapril,20,ACEI,
bi22.,INNOVACE TAB 5,Enalapril,5,ACEI,
bi28.,INNOZIDE,Enalapril,20,ACEI,
INTA9233EMIS,Innozide  Tablets  ,Enalapril,20,ACEI,
bi3t.,LISINOPR + HYDROCHLOROTHIAZI tabl 10mg/12.5mg,Lisinopril,10,ACEI,
LITA8608EGTON,Lisinopril  Tablets  10 mg,Lisinopril,10,ACEI,
LITA8609EGTON,Lisinopril  Tablets  2.5 mg,Lisinopril,10,ACEI,
LITA8610EGTON,Lisinopril  Tablets  20 mg,Lisinopril,10,ACEI,
LITA8611EGTON,Lisinopril  Tablets  5 mg,Lisinopril,10,ACEI,
bi3p.,LISINOPRIL + HydChlrThiaz TABS 20MG/12.5MG,Lisinopril,10,ACEI,
LITA18535NEMIS,Lisinopril 10mg / Hydrochlorothiazide 12.5mg tablets,Lisinopril,10,ACEI,
LITA18536NEMIS,Lisinopril 20mg / Hydrochlorothiazide 12.5mg tablets,Lisinopril,10,ACEI,
bi3..,LISINOPRIL oral soln 5mg/5ml,Lisinopril,10,ACEI,
LOCA18518NEMIS,Lopace  Capsules  10 mg,Ramipril,10,ACEI,
LOCA18516NEMIS,Lopace  Capsules  2.5 mg,Ramipril,2.5,ACEI,
LOCA18517NEMIS,Lopace  Capsules  5 mg,Ramipril,5,ACEI,
bi6v.,LOPACE caps 10mg,Ramipril,10,ACEI,
bi6t.,LOPACE caps 2.5mg,Ramipril,2.5,ACEI,
bi6u.,LOPACE caps 5mg,Ramipril,5,ACEI,
bi4A.,QUINAPRIL,Quinapril,NA,ACEI,
QUTA10127BRIDL,Quinapril  Tablets  10 mg,Quinapril,10,ACEI,
QUTA10129BRIDL,Quinapril  Tablets  20 mg,Quinapril,20,ACEI,
QUTA10131BRIDL,Quinapril  Tablets  40 mg,Quinapril,40,ACEI,
QUTA10125BRIDL,Quinapril  Tablets  5 mg,Quinapril,5,ACEI,
bi48.,QUINAPRIL & HydChlrThiaz TABS 10MG+12.5MG,Quinapril,10,ACEI,
bi42.,Quinapril 10mg tablets,Quinapril,10,ACEI,
bi43.,Quinapril 20mg tablets,Quinapril,20,ACEI,
bi41.,Quinapril 5mg tablets,Quinapril,5,ACEI,
bi62.,RAMIPRIL,Ramipril,NA,ACEI,
bi63.,RAMIPRIL,Ramipril,NA,ACEI,
bi67.,RAMIPRIL,Ramipril,NA,ACEI,
bi61.,Ramipril  Capsules  1.25 mg,Ramipril,1.25,ACEI,
RACA8950EMIS,Ramipril  Capsules  1.25 mg,Ramipril,1.25,ACEI,
RACA57NEMIS,Ramipril  Capsules  10 mg,Ramipril,10,ACEI,
RACA8951EMIS,Ramipril  Capsules  2.5 mg,Ramipril,2.5,ACEI,
RACA8952EMIS,Ramipril  Capsules  5 mg,Ramipril,5,ACEI,
RATA16399NEMIS,Ramipril  Tablets  1.25 mg,Ramipril,1.25,ACEI,
RATA16402NEMIS,Ramipril  Tablets  10 mg,Ramipril,10,ACEI,
bi6C.,Ramipril  Tablets  2.5 mg,Ramipril,2.5,ACEI,
RATA16400NEMIS,Ramipril  Tablets  2.5 mg,Ramipril,2.5,ACEI,
bi6D.,Ramipril  Tablets  5 mg,Ramipril,5,ACEI,
RATA16401NEMIS,Ramipril  Tablets  5 mg,Ramipril,5,ACEI,
bi6B.,Ramipril 1.25mg tablets,Ramipril,1.25,ACEI,
bi6E.,Ramipril 10mg tablets,Ramipril,10,ACEI,
bi6..,Ramipril 2.5mg/5ml oral solution sugar free,Ramipril,2.5,ACEI,
bi69.,RAMIPRIL caps 2.5mg + 5mg + 10mg,Ramipril,2.5,ACEI,
bi6F.,RAMIPRIL tabs 2.5mg + 5mg + 10mg,Ramipril,2.5,ACEI,
SETA2517,Securon Sr  Tablets  240 mg,Verapamil,240,ACEI,
bb3k.,SECURON SR 240mg,Verapamil,240,ACEI,
bb3j.,Securon SR 240mg tablets (Abbott Laboratories Ltd),Verapamil,240,ACEI,
bb3i.,SECURON TAB 160,Verapamil,160,ACEI,
bb3d.,SECURON TAB 40,Verapamil,40,ACEI,
bb3e.,SECURON TAB 80,Verapamil,80,ACEI,
bb3g.,SECURON tabs 120mg,Verapamil,120,ACEI,
STTA9316EMIS,Staril  Tablets  10 mg,Fosinopril,10,ACEI,
STTA9317EMIS,Staril  Tablets  20 mg,Fosinopril,20,ACEI,
bi73.,STARIL TAB 10,Fosinopril,10,ACEI,
bi74.,STARIL TAB 20,Fosinopril,20,ACEI,
biB1.,TANATRIL tabs 5mg,Imidapril,5,ACEI,
TAM/31589EMIS,Tarka  M/R Capsules  ,Trandolapril,2,ACEI,
bk62.,TARKA 2mg/180mg m/r capsules,Trandolapril,2,ACEI,
TAM/31589EMIS,Tarka  M/R Capsules  ,Verapamil,180,ACEI,
bk62.,TARKA 2mg/180mg m/r capsules,Verapamil,180,ACEI,
bk61.,TRANDOL+VERAP 2/180mg m/r caps,Trandopril,2,ACEI,
bk61.,TRANDOL+VERAP 2/180mg m/r caps,Verapamil,180,ACEI,
bi92.,Trandolapril  Capsules  1 mg,Trandopril,1,ACEI,
TRCA23771EMIS,Trandolapril  Capsules  1 mg,Trandopril,1,ACEI,
TRCA23772EMIS,Trandolapril  Capsules  2 mg,Trandopril,2,ACEI,
TRCA16731NEMIS,Trandolapril  Capsules  4 mg,Trandopril,4,ACEI,
TRCA23773EMIS,Trandolapril  Capsules  500 micrograms,Trandopril,0.5,ACEI,
bi9z.,Trandolapril 4mg capsules,Trandopril,4,ACEI,
bi91.,TRANDOLAPRIL CAP 0.5,Trandopril,0.5,ACEI,
66R5.,Treatment dose changed-enalapril 20mg od,Enalapril,20,ACEI,
TRCA8944EMIS,Tritace  Capsules  1.25 mg,Ramipril,1.25,ACEI,
TRCA8945EMIS,Tritace  Capsules  2.5 mg,Ramipril,2.5,ACEI,
TRCA8946EMIS,Tritace  Capsules  5 mg,Ramipril,5,ACEI,
TRTA16405NEMIS,Tritace  Tablets  5 mg,Ramipril,5,ACEI,
TRTA16406NEMIS,Tritace 10mg tablets (Sanofi),Ramipril,10,ACEI,
bi6x.,Tritace 5mg tablets (Sanofi),Ramipril,5,ACEI,
bi64.,TRITACE CAP 1.25,Ramipril,1.25,ACEI,
bi65.,TRITACE CAP 2.5,Ramipril,2.5,ACEI,
bi66.,TRITACE CAP 5,Ramipril,5,ACEI,
bi68.,TRITACE caps 10mg,Ramipril,10,ACEI,
bi6y.,TRITACE tabs 2.5mg,Ramipril,2.5,ACEI,
bi6A.,TRITACE TITRATION PACK caps 2.5mg + 5mg + 10mg,Ramipril,2.5,ACEI,
TRTA30134NEMIS,Tritace titration pack tablets (Sanofi),Ramipril,2.5,ACEI,
bi6o.,TRITACE TITRATION PACK tabs 2.5mg + 5mg + 10mg,Ramipril,2.5,ACEI,
bb3l.,UNIVER,Verapamil,NA,ACEI,
bb3n.,UNIVER,Verapamil,NA,ACEI,
UNS/8593EGTON,Univer  M/R Capsules  120 mg,Verapamil,120,ACEI,
UNS/8594EGTON,Univer  M/R Capsules  180 mg,Verapamil,180,ACEI,
UNS/8595EGTON,Univer  M/R Capsules  240 mg,Verapamil,240,ACEI,
bi87.,VASCACE TAB 1,Cilazapril,1,ACEI,
bi88.,VASCACE TAB 2.5,Cilazapril,2.5,ACEI,
bi86.,VASCACE TAB 500,Cilazapril,500,ACEI,
bb31.,VERAPAMIL,Verapamil,NA,ACEI,
bb33.,VERAPAMIL,Verapamil,NA,ACEI,
bb3v.,VERAPAMIL 120mg m/r capsules,Verapamil,120,ACEI,
bb3C.,VERAPAMIL 120mg m/r tablets,Verapamil,120,ACEI,
VES/8688EGTON,Verapamil 120mg modified-release capsules,Verapamil,120,ACEI,
VEM/21988EMIS,Verapamil 120mg modified-release tablets,Verapamil,120,ACEI,
VETA5495,Verapamil 120mg tablets,Verapamil,120,ACEI,
bb3w.,Verapamil 160mg tablets,Verapamil,160,ACEI,
TRM/18572NEMIS,Verapamil 180mg modified-release / Trandolapril 2mg capsules,Verapamil,180,ACEI,
bb3z.,Verapamil 180mg modified-release capsules,Verapamil,180,ACEI,
VES/8689EGTON,Verapamil 180mg modified-release capsules,Verapamil,180,ACEI,
bb3y.,Verapamil 240mg modified-release capsules,Verapamil,240,ACEI,
VES/8690EGTON,Verapamil 240mg modified-release capsules,Verapamil,240,ACEI,
VEM/24136EMIS,Verapamil 240mg modified-release tablets,Verapamil,240,ACEI,
VETA6808,Verapamil 40mg tablets,Verapamil,40,ACEI,
bb32.,Verapamil 80mg,Verapamil,80,ACEI,
VETA6809,Verapamil 80mg tablets,Verapamil,80,ACEI,
VETA6807,Verapamil Hydrochloride  Tablets  160 mg,Verapamil,160,ACEI,
VETA5496,Verapamil Hydrochloride  Tablets  240 mg,Verapamil,240,ACEI,
VESR8691EGTON,Verapamil Hydrochloride M/R capsules 240 mg,Verapamil,240,ACEI,
VEM/816NEMIS,Verapress MR 240mg tablets (Dexcel-Pharma Ltd),Verapamil,240,ACEI,
bi3s.,Zestoretic,Lisinopril,NA,ACEI,
ZETA24152EMIS,Zestoretic 10  Tablets  ,Lisinopril,10,ACEI,
ZETA9096EMIS,Zestoretic 20  Tablets  ,Lisinopril,20,ACEI,
bi3n.,ZESTORETIC 20 TAB,Lisinopril,20,ACEI,
ZETA8600EGTON,Zestril  Tablets  10 mg,Lisinopril,10,ACEI,
bi3d.,Zestril  Tablets  2.5 mg,Lisinopril,2.5,ACEI,
ZETA8602EGTON,Zestril  Tablets  20 mg,Lisinopril,20,ACEI,
ZETA8603EGTON,Zestril  Tablets  5 mg,Lisinopril,5,ACEI,
bi3h.,ZESTRIL (CALENDAR PA TAB 10,Lisinopril,10,ACEI,
bi3f.,ZESTRIL (CALENDAR PA TAB 5,Lisinopril,5,ACEI,
ZETA8601EGTON,Zestril 2.5mg tablets (AstraZeneca UK Ltd),Lisinopril,2.5,ACEI,
bi3j.,Zestril 20mg tablets (AstraZeneca UK Ltd),Lisinopril,20,ACEI,
b511.,ALDACTIDE 25 TAB,Spironolactone,25,ALD_ANT,
b512.,ALDACTIDE 50 TAB,Spironolactone,50,ALD_ANT,
ALTA63,Aldactone  Tablets  100 mg,Spironolactone,100,ALD_ANT,
ALTA64,Aldactone  Tablets  25 mg,Spironolactone,25,ALD_ANT,
ALTA65,Aldactone  Tablets  50 mg,Spironolactone,50,ALD_ANT,
b432.,ALDACTONE 50mg tabs,Spironolactone,50,ALD_ANT,
b435.,ALDACTONE FC,Spironolactone,NA,ALD_ANT,
b434.,ALDACTONE FC tab 25mg,Spironolactone,25,ALD_ANT,
b436.,ALDACTONE TAB 100,Spironolactone,100,ALD_ANT,
b513.,AMILCO,Amiloride,50,ALD_ANT,
b51C.,Amiloride 2.5mg / Cyclopenthiazide 250microgram tablets,Amiloride,2.5,ALD_ANT,
CYTA1735NEMIS,Amiloride 2.5mg / Cyclopenthiazide 250microgram tablets,Amiloride,2.5,ALD_ANT,
b41z.,AMILORIDE 5MG,Amiloride,5,ALD_ANT,
b51D.,Amiloride 5mg / Bumetanide 1mg tablets,Amiloride,5,ALD_ANT,
BUTA974NEMIS,Amiloride 5mg / Bumetanide 1mg tablets,Amiloride,5,ALD_ANT,
AMTA101,Amiloride 5mg tablets,Amiloride,5,ALD_ANT,
b51k.,AMILORIDE 5MG/HYDROC TAB,Amiloride,5,ALD_ANT,
b51x.,AMILORIDE HCl + FUROSEMIDE tabs 2.5mg + 20mg,Amiloride,2.5,ALD_ANT,
b51y.,AMILORIDE HCl + FUROSEMIDE tabs 5mg + 40mg,Amiloride,5,ALD_ANT,
b51j.,AMILORIDE HCl + HYDROCHLOROTHIAZIDE tabs 2.5mg+25mg,Amiloride,25,ALD_ANT,
b413.,AMILORIDE HCl sf soln 5mg/5ml,Amiloride,5,ALD_ANT,
bdey.,ATENOLOL + AMILORIDE & HYDROCHLOROTHIAZIDE caps,Amiloride,NA,ALD_ANT,
COTA9298EMIS,Co-Amilofruse 10/80  Tablets  ,Amiloride,10,ALD_ANT,
b51z.,Co-amilofruse 10mg/80mg tablets,Amiloride,10,ALD_ANT,
COTA9301EMIS,Co-Amilofruse 2.5/20  Tablets  ,Amiloride,10,ALD_ANT,
COTA9149BRIDL,Co-Amilofruse 5/40  Tablets,Amiloride,10,ALD_ANT,
COTA9316HILLI,Co-Amilozide 2.5/25  Tablets  ,Amiloride,25,ALD_ANT,
COTA10219BRIDL,Co-Amilozide 5/50  Tablets  ,Amiloride,50,ALD_ANT,
b51q.,Co-Flumactone 50/50  Tablets,Spironolactone,50,ALD_ANT,
b51A.,CO-TRIAMTERZID (triamtere & hydrochlorothiazid tab 50mg+25mg,Triamterene,50 + 25,ALD_ANT,
COTA24912EMIS,Co-Triamterzide 50/25  Tablets,Triamterene,50 + 25,ALD_ANT,
b514.,DYAZIDE,Triamterene,NA,ALD_ANT,
DYTA1014,Dyazide  Tablets,Triamterene,NA,ALD_ANT,
EPTA19048NEMIS,Eplerenone  Tablets  25 mg,Eplerenone,25,ALD_ANT,
EPTA19050NEMIS,Eplerenone  Tablets  50 mg,Eplerenone,50,ALD_ANT,
b45z.,Eplerenone 25mg tablets,Eplerenone,25,ALD_ANT,
b45y.,Eplerenone 50mg tablets,Eplerenone,50,ALD_ANT,
FRTA15064NEMIS,Frovatriptan  Tablets  2.5 mg,Amiloride,2.5,ALD_ANT,
dlE1.,FROVATRIPTAN tabs 2.5mg,Amiloride,2.5,ALD_ANT,
FRTA22707EMIS,Fru-Co  Tablets  ,Amiloride,5,ALD_ANT,
b51B.,Fru-Co Tablets,Amiloride,5,ALD_ANT,
b516.,FRUMIL,Amiloride,5,ALD_ANT,
b51o.,Frumil,Amiloride,5,ALD_ANT,
FRTA1247,Frumil  Tablets  ,Amiloride,5,ALD_ANT,
FRTA9295EMIS,Frumil Forte  Tablets  ,Amiloride,10,ALD_ANT,
b51H.,FRUSEMIDE + TRIAMTERENE tabs 40mg + 50mg,Triamterene,50,ALD_ANT,
b451.,INSPRA FC tab 25mg,Eplerenone,25,ALD_ANT,
b452.,INSPRA FC tab 50mg,Eplerenone,50,ALD_ANT,
KACA1539,Kalten  Capsules,Amiloride hydrochloride,2.5,ALD_ANT,
bde7.,KALTEN CAP,Amiloride hydrochloride,2.5,ALD_ANT,
LACA1623,Lasilactone  Capsules  ,Spironolactone,50,ALD_ANT,
b519.,Lasilactone 20mg/50mg capsules (Sanofi),Spironolactone,50,ALD_ANT,
LATA8311BRID,Lasoride  Tablets  ,Amiloride,5,ALD_ANT,
bdea.,MODUCREN TAB,Amiloride,NA,ALD_ANT,
MOTA1865,Moducren tablets (Merck Sharp & Dohme Ltd),Amiloride,NA,ALD_ANT,
MOTA1866,Moduret 25  Tablets  ,Amiloride,2.5,ALD_ANT,
MOTA1868,Moduretic  Tablets  ,Amiloride,NA,ALD_ANT,
b51r.,NAVISPARE,Amiloride hydrochloride,0.25,ALD_ANT,
NATA9179BRIDL,Navispare  Tablets  ,Amiloride hydrochloride,0.25,ALD_ANT,
b431.,SPIRONOLACTONE,Spironolactone,NA,ALD_ANT,
b433.,SPIRONOLACTONE,Spironolactone,NA,ALD_ANT,
SPOR9102BRIDL,Spironolactone  Oral Suspension  10 mg/5 ml,Spironolactone,10,ALD_ANT,
SPOR9098BRIDL,Spironolactone  Oral Suspension  25 mg/5 ml,Spironolactone,25,ALD_ANT,
SPOR9104BRIDL,Spironolactone  Oral Suspension  50 mg/5 ml,Spironolactone,50,ALD_ANT,
SPTA2666,Spironolactone  Tablets  100 mg,Spironolactone,100,ALD_ANT,
SPTA2667,Spironolactone  Tablets  25 mg,Spironolactone,25,ALD_ANT,
SPTA2668,Spironolactone  Tablets  50 mg,Spironolactone,50,ALD_ANT,
b43m.,Spironolactone 25mg/5ml oral suspension,Spironolactone,25,ALD_ANT,
b43z.,SPIRONOLACTONE caps 100mg,Spironolactone,100,ALD_ANT,
b43l.,SPIRONOLACTONE sf susp 10mg/5ml,Spironolactone,10,ALD_ANT,
b43n.,SPIRONOLACTONE sf susp 50mg/5ml,Spironolactone,50,ALD_ANT,
b43k.,SPIRONOLACTONE sf susp 5mg/5ml,Spironolactone,5,ALD_ANT,
TRCA5468,Triamterene  Capsules  50 mg,Triamterene,50,ALD_ANT,
b51G.,Triamterene 50mg / Chlortalidone 50mg tablets,Triamterene,50,ALD_ANT,
TRTA17682NEMIS,Triamterene 50mg / Furosemide 40mg tablets,Triamterene,50,ALD_ANT,
b44z.,TRIAMTERENE 50mg caps,Triamterene,50,ALD_ANT,
TRTA997NEMIS,Triamterene And Frusemide  Tablets  50 mg + 40 mg,Triamterene,50,ALD_ANT,
ACCA25,Achromycin 250mg capsules (Wyeth Pharmaceuticals),Tetracycline,250,Antimicrobial,
e714.,ACHROMYCIN CAP 250,Tetracycline,250,Antimicrobial,
ei1h.,ACICLOVIR,Aciclovir,NA,Antimicrobial,
mf1z.,ACICLOVIR,Aciclovir,NA,Antimicrobial,
ACDI26992EMIS,Aciclovir  Dispersible Tablets  200 mg,Aciclovir,200,Antimicrobial,
ACDI26993EMIS,Aciclovir  Dispersible tablets  400 mg,Aciclovir,400,Antimicrobial,
ei1k.,Aciclovir  Dispersible Tablets  400 mg,Aciclovir,400,Antimicrobial,
ACTA10456BRIDL,Aciclovir  Dispersible Tablets  800 mg,Aciclovir,800,Antimicrobial,
ACTA45,Aciclovir  Tablets  200 mg,Aciclovir,200,Antimicrobial,
ei15.,Aciclovir  Tablets  200 mg,Aciclovir,200,Antimicrobial,
ACTA7123,Aciclovir  Tablets  400 mg,Aciclovir,400,Antimicrobial,
ei18.,Aciclovir  Tablets  400 mg,Aciclovir,400,Antimicrobial,
ACTA33901EMIS,Aciclovir  Tablets  800 mg,Aciclovir,800,Antimicrobial,
ei1o.,Aciclovir  Tablets  800 mg,Aciclovir,800,Antimicrobial,
ei1g.,Aciclovir 400mg/5ml oral suspension sugar free,Aciclovir,400,Antimicrobial,
ei1d.,Aciclovir 800mg dispersible tablets,Aciclovir,800,Antimicrobial,
ei16.,ACICLOVIR sf susp 200mg/5ml,Aciclovir,200,Antimicrobial,
e777.,AKNEMIN caps 100mg,Minocycline,100,Antimicrobial,
AMLO137,Amphotericin  Lozenges  10 mg,Amphotericin,10,Antimicrobial,
AMSU139,Amphotericin B 100mg/ml oral suspension sugar free,Amphotericin,20,Antimicrobial,
lc1y.,Amphotericin B Lozenges Sugar Free 10 mg,Amphotericin,10,Antimicrobial,
lc1z.,AMPHOTERICIN susp 100mg/ml,Amphotericin,20,Antimicrobial,
eh1x.,AMPHOTERICIN tabs 100mg,Amphotericin,100,Antimicrobial,
BATA3213,Bactrim  Tablets  480 mg,Trimethoprim,80,Antimicrobial,
ec23.,BACTRIM DOUBLE STRENGTH TAB 960mg,Trimethoprim,160,Antimicrobial,
ec21.,BACTRIM TAB 480,Trimethoprim,80,Antimicrobial,
BATA3213,Bactrim  Tablets  480 mg,Sulfamethoxazole,400,Antimicrobial,
ec23.,BACTRIM DOUBLE STRENGTH TAB 960mg,Sulfamethoxazole,800,Antimicrobial,
ec21.,BACTRIM TAB 480,Sulfamethoxazole,400,Antimicrobial,
eg67.,CIPROFLOXACIN,Ciprofloxacilin,NA,Antimicrobial,
eg6w.,CIPROFLOXACIN,Ciprofloxacilin,NA,Antimicrobial,
eg6x.,CIPROFLOXACIN,Ciprofloxacilin,NA,Antimicrobial,
CISU32104EMIS,Ciprofloxacin  Suspension  250 mg/5 ml,Ciprofloxacilin,250,Antimicrobial,
CITA31080EMIS,Ciprofloxacin  Tablets  100 mg,Ciprofloxacilin,100,Antimicrobial,
CITA6845,Ciprofloxacin  Tablets  250 mg,Ciprofloxacilin,250,Antimicrobial,
CITA22182EMIS,Ciprofloxacin  Tablets  500 mg,Ciprofloxacilin,500,Antimicrobial,
CITA23848EMIS,Ciprofloxacin  Tablets  750 mg,Ciprofloxacilin,750,Antimicrobial,
eg6v.,Ciprofloxacin 750mg tablets,Ciprofloxacilin,750,Antimicrobial,
eg6..,CIPROFLOXACIN susp 250mg/5ml,Ciprofloxacilin,250,Antimicrobial,
eg69.,CIPROFLOXACIN susp 250mg/5ml,Ciprofloxacilin,250,Antimicrobial,
eg61.,CIPROXIN,Ciprofloxacilin,NA,Antimicrobial,
CITA31082EMIS,Ciproxin  Tablets  100 mg,Ciprofloxacilin,100,Antimicrobial,
CITA5645,Ciproxin  Tablets  250 mg,Ciprofloxacilin,250,Antimicrobial,
CITA22180EMIS,Ciproxin  Tablets  500 mg,Ciprofloxacilin,500,Antimicrobial,
eg64.,Ciproxin  Tablets  500 mg,Ciprofloxacilin,500,Antimicrobial,
eg6A.,CIPROXIN susp 250mg/5ml,Ciprofloxacilin,250,Antimicrobial,
eg68.,CIPROXIN tablets 100mg,Ciprofloxacilin,100,Antimicrobial,
eg65.,CIPROXIN tabs 750mg,Ciprofloxacilin,750,Antimicrobial,
ec13.,CO-TRIMOXAZOL (trimethopri & sulfamethoxazol tab 160mg+800mg,Trimethoprim,80,Antimicrobial,
ec11.,CO-TRIMOXAZOL (trimethopri & sulfamethoxazole tab 80mg+400mg,Trimethoprim,40,Antimicrobial,
CODI690,Co-Trimoxazole  Dispersible Tablets  480 mg,Trimethoprim,80,Antimicrobial,
COFO4765,Co-Trimoxazole  Forte Tablets Dispersible  960 mg,Trimethoprim,80,Antimicrobial,
COTA696,Co-Trimoxazole  Tablets  480 mg,Trimethoprim,40,Antimicrobial,
COTA697,Co-Trimoxazole  Tablets  960 mg,Trimethoprim,80,Antimicrobial,
COAD4763,Co-trimoxazole 80mg/400mg/5ml oral suspension,Trimethoprim,80,Antimicrobial,
ec16.,Co-trimoxazole 80mg/400mg/5ml oral suspension,Trimethoprim,80,Antimicrobial,
ec12.,CO-TRIMOXAZOLE DISPERSIBLE TABLET 80/400 MG,Trimethoprim,80,Antimicrobial,
ec13.,CO-TRIMOXAZOL (trimethopri & sulfamethoxazol tab 160mg+800mg,Sulfamethoxazole,800,Antimicrobial,
ec11.,CO-TRIMOXAZOL (trimethopri & sulfamethoxazole tab 80mg+400mg,Sulfamethoxazole,400,Antimicrobial,
CODI690,Co-Trimoxazole  Dispersible Tablets  480 mg,Sulfamethoxazole,400,Antimicrobial,
COFO4765,Co-Trimoxazole  Forte Tablets Dispersible  960 mg,Sulfamethoxazole,800,Antimicrobial,
COTA696,Co-Trimoxazole  Tablets  480 mg,Sulfamethoxazole,NA,Antimicrobial,
COTA697,Co-Trimoxazole  Tablets  960 mg,Sulfamethoxazole,NA,Antimicrobial,
COAD4763,Co-trimoxazole 80mg/400mg/5ml oral suspension,Sulfamethoxazole,NA,Antimicrobial,
ec16.,Co-trimoxazole 80mg/400mg/5ml oral suspension,Sulfamethoxazole,NA,Antimicrobial,
ec12.,CO-TRIMOXAZOLE DISPERSIBLE TABLET 80/400 MG,Sulfamethoxazole,NA,Antimicrobial,
DECA4806,Demeclocycline 150mg capsules,Demeclocycline,150,Antimicrobial,
e74y.,Demeclocycline 150mg capsules,Demeclocycline,150,Antimicrobial,
e71c.,Deteclo  Tablets,Chlortetracycline,NA,Antimicrobial,
DETA3411,Deteclo  Tablets  ,Chlortetracycline,NA,Antimicrobial,
e71c.,Deteclo  Tablets,Demeclocyclinee,NA,Antimicrobial,
DETA3411,Deteclo  Tablets  ,Demeclocyclinee,NA,Antimicrobial,
e71c.,Deteclo  Tablets,Tetracyclinee,NA,Antimicrobial,
DETA3411,Deteclo  Tablets  ,Tetracyclinee,NA,Antimicrobial,
j526.,distamine 250mg tablets,Penicillamine,250,Antimicrobial,
FULO1260,Fungilin  Lozenges  10 mg,Amphotericin,10,Antimicrobial,
lc11.,FUNGILIN 10mg lozs,Amphotericin,10,Antimicrobial,
l351.,GENTAMICIN,Gentamicin,NA,Antimicrobial,
e812.,GENTAMICIN inj 40mg/ml,Gentamicin,40,Antimicrobial,
l35z.,GENTAMICIN+HYDROCORTISONE,Gentamicin,NA,Antimicrobial,
IPTA3773,Ipral  Tablets  100 mg,Trimethoprim,100,Antimicrobial,
IPTA3774,Ipral  Tablets  200 mg,Trimethoprim,200,Antimicrobial,
e774.,MINOCIN,Minocycline,NA,Antimicrobial,
MIM/19544EMIS,Minocin  M/R Capsules  100 mg,Minocycline,100,Antimicrobial,
MITA1850,Minocin  Tablets  50 mg,Minocycline,50,Antimicrobial,
MITA1849,Minocin 100mg tablets (Wyeth Pharmaceuticals),Minocycline,100,Antimicrobial,
e771.,MINOCIN 50mg,Minocycline,50,Antimicrobial,
e772.,MINOCIN TAB 100,Minocycline,100,Antimicrobial,
e77y.,MINOCIN tabs 50mg,Minocycline,50,Antimicrobial,
MICA24206EMIS,Minocycline  Capsules  100 mg,Minocycline,100,Antimicrobial,
MICA24207EMIS,Minocycline  Capsules  50 mg,Minocycline,50,Antimicrobial,
e773.,Minocycline  M/R Capsules  100 mg,Minocycline,100,Antimicrobial,
MIM/19546EMIS,Minocycline  M/R Capsules  100 mg,Minocycline,100,Antimicrobial,
MITA1852,Minocycline  Tablets  50 mg,Minocycline,50,Antimicrobial,
e77x.,MINOCYCLINE 100MG,Minocycline,100,Antimicrobial,
e77z.,MINOCYCLINE 100MG,Minocycline,100,Antimicrobial,
MITA1851,Minocycline 100mg tablets,Minocycline,100,Antimicrobial,
e77w.,Minocycline 50mg capsules,Minocycline,50,Antimicrobial,
MOTA1883,Monotrim 200mg tablets (Abbott Healthcare Products Ltd),Trimethoprim,200,Antimicrobial,
MOSU1881,Monotrim 50mg/5ml oral suspension (Chemidex Pharma Ltd),Trimethoprim,50,Antimicrobial,
ecc9.,MONOTRIM TAB 100mg,Trimethoprim,100,Antimicrobial,
e793.,MYSTECLIN TAB,Tetracycline,NA,Antimicrobial,
MYTA1922,Mysteclin Tablets,Tetracycline,NA,Antimicrobial,
e793.,MYSTECLIN TAB,Amphotericin,NA,Antimicrobial,
MYTA1922,Mysteclin Tablets,Amphotericin,NA,Antimicrobial,
e855.,NEOMYCIN SULPHATE tabs 500mg,Neomycin,500,Antimicrobial,
PETA2183,Penicillamine  Tablets  250 mg,Penicillamine,250,Antimicrobial,
j523.,Penicillamine 250mg tablets,Penicillamine,250,Antimicrobial,
j522.,PENICILLAMINE TAB 125,Penicillamine,125,Antimicrobial,
j521.,PENICILLAMINE TAB 50,Penicillamine,50,Antimicrobial,
RICA4274,Rifampicin  Capsules  150 mg,Rifampicin,150,Antimicrobial,
RICA4275,Rifampicin  Capsules  300 mg,Rifampicin,300,Antimicrobial,
ed6p.,RIFAMPICIN + ISONIAZID tabs 300mg + 150mg,Rifampicin,300,Antimicrobial,
ed61.,Rifampicin 150mg capsules,Rifampicin,150,Antimicrobial,
ed62.,Rifampicin 300mg capsules,Rifampicin,300,Antimicrobial,
ed63.,RIFAMPICIN syrp 100mg/5ml,Rifampicin,100,Antimicrobial,
ec2l.,SEPTRIN,Trimethoprim,80,Antimicrobial,
SETA2547,Septrin  Tablets  480 mg,Trimethoprim,80,Antimicrobial,
ec2p.,SEPTRIN ADULT SUS,Trimethoprim,80,Antimicrobial,
14L..,SEPTRIN ALLERGY,Trimethoprim,80,Antimicrobial,
ec2m.,SEPTRIN DISPERSIBLE TABLET,Trimethoprim,80,Antimicrobial,
SEDI2541,Septrin Dispersible tablets 480 mg,Trimethoprim,80,Antimicrobial,
SETA2548,Septrin Forte  Tablets  960 mg,Trimethoprim,160,Antimicrobial,
ec2n.,Septrin Forte 160mg/800mg tablets (Aspen Pharma Trading Ltd),Trimethoprim,160,Antimicrobial,
ec2l.,SEPTRIN,Sulfamethoxazole,400,Antimicrobial,
SETA2547,Septrin  Tablets  480 mg,Sulfamethoxazole,400,Antimicrobial,
ec2p.,SEPTRIN ADULT SUS,Sulfamethoxazole,400,Antimicrobial,
14L..,SEPTRIN ALLERGY,Sulfamethoxazole,400,Antimicrobial,
ec2m.,SEPTRIN DISPERSIBLE TABLET,Sulfamethoxazole,400,Antimicrobial,
SEDI2541,Septrin Dispersible tablets 480 mg,Sulfamethoxazole,400,Antimicrobial,
SETA2548,Septrin Forte  Tablets  960 mg,Sulfamethoxazole,800,Antimicrobial,
ec2n.,Septrin Forte 160mg/800mg tablets (Aspen Pharma Trading Ltd),Sulfamethoxazole,800,Antimicrobial,
e71f.,SUSTAMYCIN CAP 250,Tetracycline,250,Antimicrobial,
e78a.,TERRAMYCIN CAPS 250MG,Oxytetracycline,250,Antimicrobial,
TETA4409,Tetrachel  Tablets  250 mg,Tetracycline,250,Antimicrobial,
e71i.,TETRACHEL TAB 250mg,Tetracycline,250,Antimicrobial,
e71z.,TETRACYCLINE + CHLORTETRACYCLINE & DEMECLOCYCLINE tabs,Tetracycline,NA,Antimicrobial,
e71z.,TETRACYCLINE + CHLORTETRACYCLINE & DEMECLOCYCLINE tabs,Chloretracycline,NA,Antimicrobial,
e71z.,TETRACYCLINE + CHLORTETRACYCLINE & DEMECLOCYCLINE tabs,Demeclocycline,NA,Antimicrobial,
e712.,TETRACYCLINE 250mg,Tetracycline,250,Antimicrobial,
lc8..,Tetracycline 250mg capsules,Tetracycline,250,Antimicrobial,
TECA5420,Tetracycline 250mg capsules,Tetracycline,250,Antimicrobial,
TETA5426,Tetracycline 250mg tablets,Tetracycline,250,Antimicrobial,
e711.,TETRACYCLINE CAP 250,Tetracycline,250,Antimicrobial,
TECA4411,Tetralysal 300  Capsules  408 mg,Lymecycline,300,Antimicrobial,
e762.,TETRALYSAL 300 caps,Lymecycline,300,Antimicrobial,
ecc2.,TRIMETHOPRIM,Trimethoprim,NA,Antimicrobial,
TRMI4450,Trimethoprim  Mixture  Sugar Free 50 mg/5 ml,Trimethoprim,50,Antimicrobial,
TRPA5477,Trimethoprim  Paediatric Suspension  Sugar Free 50 mg/5 ml,Trimethoprim,50,Antimicrobial,
TRSU5478,Trimethoprim  Suspension  Sugar Free 50 mg/5 ml,Trimethoprim,50,Antimicrobial,
TRTA2938,Trimethoprim  Tablets  100 mg,Trimethoprim,100,Antimicrobial,
TRTA2939,Trimethoprim  Tablets  200 mg,Trimethoprim,200,Antimicrobial,
TRTA7088,Trimethoprim  Tablets  300 mg,Trimethoprim,300,Antimicrobial,
ecc1.,TRIMETHOPRIM 100MG,Trimethoprim,100,Antimicrobial,
ecc4.,TRIMETHOPRIM 50mg/5ml  s/f susp,Trimethoprim,50,Antimicrobial,
ecc3.,TRIMETHOPRIM TAB 300mg,Trimethoprim,300,Antimicrobial,
eccj.,TRIMOGAL TAB 200,Trimethoprim,200,Antimicrobial,
ALTA26380NEMIS,Aliskiren 150mg tablets,Aliskiren hemifumarate,150,ARBs,
bkFz.,Aliskiren 150mg tablets,Aliskiren hemifumarate,150,ARBs,
ALTA26382NEMIS,Aliskiren 300mg tablets,Aliskiren hemifumarate,300,ARBs,
bkFy.,Aliskiren 300mg tablets,Aliskiren hemifumarate,300,ARBs,
bk78.,Amias  Tablets  16 mg,Candesartan,16,ARBs,
AMTA31817EMIS,Amias  Tablets  2 mg,Candesartan,2,ARBs,
AMTA31818EMIS,Amias  Tablets  4 mg,Candesartan,4,ARBs,
AMTA31819EMIS,Amias  Tablets  8 mg,Candesartan,8,ARBs,
AMTA31816EMIS,Amias 16mg tablets (Takeda UK Ltd),Candesartan,16,ARBs,
bk75.,Amias 2mg tablets (Takeda UK Ltd),Candesartan,2,ARBs,
bk79.,Amias 32mg tablets (Takeda UK Ltd),Candesartan,32,ARBs,
bk76.,Amias 4mg tablets (Takeda UK Ltd),Candesartan,4,ARBs,
bk77.,Amias 8mg tablets (Takeda UK Ltd),Candesartan,8,ARBs,
bkD3.,AMLODIPINE + VALSARTAN tabs 10mg + 160mg,Valsartan,160,ARBs,
bkD1.,AMLODIPINE + VALSARTAN tabs 5mg + 80mg,Valsartan,80,ARBs,
AMTA23853NEMIS,Amlodipine 10mg / Valsartan 160mg tablets,Valsartan,160,ARBs,
AMTA23852NEMIS,Amlodipine 5mg / Valsartan 160mg tablets,Valsartan,160,ARBs,
bkD2.,Amlodipine 5mg / Valsartan 160mg tablets,Valsartan,160,ARBs,
AMTA23851NEMIS,Amlodipine 5mg / Valsartan 80mg tablets,Valsartan,80,ARBs,
APTA31570EMIS,Aprovel  Tablets  150 mg,Irbesartan,150,ARBs,
APTA31572EMIS,Aprovel  Tablets  75 mg,Irbesartan,75,ARBs,
APTA31571EMIS,Aprovel 300mg tablets (Sanofi),Irbesartan,300,ARBs,
bk56.,Aprovel 300mg tablets (Sanofi),Irbesartan,300,ARBs,
bk54.,Aprovel 75mg tablets (Sanofi),Irbesartan,75,ARBs,
bk55.,APROVEL TAB 150,Irbesartan,150,ARBs,
BOTA14410NEMIS,Bosentan  Tablets  125 mg,Bosentan,125,ARBs,
bkA2.,Bosentan 125mg tablets,Bosentan,125,ARBs,
bk74.,CANDESARTAN 16mg,Candesartan,16,ARBs,
CATA31824EMIS,Candesartan 16mg tablets,Candesartan,16,ARBs,
bk71.,CANDESARTAN 2mg,Candesartan,2,ARBs,
CATA31825EMIS,Candesartan 2mg tablets,Candesartan,2,ARBs,
bk7z.,Candesartan 32mg tablets,Candesartan,32,ARBs,
CATA19406NEMIS,Candesartan 32mg tablets,Candesartan,32,ARBs,
bk72.,CANDESARTAN 4MG,Candesartan,4,ARBs,
CATA31826EMIS,Candesartan 4mg tablets,Candesartan,4,ARBs,
bk73.,CANDESARTAN 8mg,Candesartan,8,ARBs,
CATA31827EMIS,Candesartan 8mg tablets,Candesartan,8,ARBs,
bk57.,Coaprovel  Tablets  150 mg,Irbesartan,150,ARBs,
COTA5665NEMIS,Coaprovel  Tablets  150 mg,Irbesartan,150,ARBs,
COTA5666NEMIS,Coaprovel  Tablets  300 mg,Irbesartan,300,ARBs,
COTA23522NEMIS,Coaprovel  Tablets  300 mg + 25 mg,Irbesartan,300,ARBs,
bk58.,CoAprovel 300mg/12.5mg tablets (Sanofi),Irbesartan,300,ARBs,
bk59.,CoAprovel 300mg/25mg tablets (Sanofi),Irbesartan,300,ARBs,
COTA18415NEMIS,Co-Diovan  Tablets  160 mg/12.5 mg,Valsartan,160,ARBs,
COTA18416NEMIS,Co-Diovan  Tablets  160 mg/25 mg,Valsartan,160,ARBs,
COTA18922NEMIS,Co-Diovan  Tablets  80 mg/12.5 mg,Valsartan,80,ARBs,
bk48.,Co-Diovan 160mg/25mg tablets (Novartis Pharmaceuticals UK...,Valsartan,160,ARBs,
bk49.,Co-Diovan 80mg/12.5mg tablets (Novartis Pharmaceuticals U...,Valsartan,80,ARBs,
bk47.,CO-DIOVAN tabs 160mg + 12.5mg,Valsartan,160,ARBs,
COTA12634NEMIS,Cozaar  Tablets  100 mg,Losartan,100,ARBs,
COTA26210EMIS,Cozaar  Tablets  25 mg,Losartan,25,ARBs,
bk34.,Cozaar  Tablets  50 mg,Losartan,50,ARBs,
COTA26211EMIS,Cozaar  Tablets  50 mg,Losartan,50,ARBs,
bk38.,Cozaar 100mg tablets (Merck Sharp & Dohme Ltd),Losartan,100,ARBs,
bk33.,Cozaar 25mg tablets (Merck Sharp & Dohme Ltd),Losartan,25,ARBs,
bk36.,COZAAR-COMP,Losartan,NA,ARBs,
COTA30977EMIS,Cozaar-Comp  Tablets,Losartan,NA,ARBs,
COTA28963NEMIS,Cozaar-Comp  Tablets  100 mg + 12.5 mg,Losartan,100,ARBs,
COTA21151NEMIS,Cozaar-Comp  Tablets  100 mg + 25 mg,Losartan,100,ARBs,
bk3A.,Cozaar-Comp 100mg/12.5mg tablets (Merck Sharp & Dohme Ltd),Losartan,100,ARBs,
bk39.,Cozaar-Comp Tablets 100 mg + 25 mg,Losartan,100,ARBs,
DICA29699EMIS,Diovan  Capsules  160 mg,Valsartan,160,ARBs,
DICA29700EMIS,Diovan  Capsules  40 mg,Valsartan,40,ARBs,
bk45.,Diovan  Capsules  80 mg,Valsartan,80,ARBs,
DICA29701EMIS,Diovan  Capsules  80 mg,Valsartan,80,ARBs,
DITA19083NEMIS,Diovan 40mg tablets (Novartis Pharmaceuticals UK Ltd),Valsartan,40,ARBs,
bk46.,DIOVAN caps 160mg,Valsartan,160,ARBs,
bk44.,DIOVAN caps 40mg,Valsartan,40,ARBs,
bk42.,DIOVAN capsules 80mg,Valsartan,80,ARBs,
bk9x.,Eprosartan  Tablets  300 mg,Eprosartan,300,ARBs,
EPTA3293NEMIS,Eprosartan  Tablets  300 mg,Eprosartan,300,ARBs,
bk9y.,Eprosartan  Tablets  400 mg,Eprosartan,400,ARBs,
EPTA3295NEMIS,Eprosartan  Tablets  400 mg,Eprosartan,400,ARBs,
bk9z.,Eprosartan  Tablets  600 mg,Eprosartan,600,ARBs,
EPTA3296NEMIS,Eprosartan  Tablets  600 mg,Eprosartan,600,ARBs,
bk35.,HYDROCHLOROTHIAZIDE + LOSARTAN tabs 12.5mg + 50mg,Losartan,50,ARBs,
bk4z.,HYDROCHLOROTHIAZIDE + VALSARTAN tabs 12.5mg + 160mg,Valsartan,160,ARBs,
bk4y.,HYDROCHLOROTHIAZIDE + VALSARTAN tabs 25mg + 160mg,Valsartan,160,ARBs,
bk51.,IRBESARTAN,Irbesartan,NA,ARBs,
bk52.,IRBESARTAN,Irbesartan,NA,ARBs,
IRTA31576EMIS,Irbesartan  Tablets  150 mg,Irbesartan,150,ARBs,
bk53.,Irbesartan  Tablets  300 mg,Irbesartan,300,ARBs,
IRTA31577EMIS,Irbesartan  Tablets  300 mg,Irbesartan,300,ARBs,
IRTA31578EMIS,Irbesartan  Tablets  75 mg,Irbesartan,75,ARBs,
bk5z.,IRBESARTAN + HYDROCHLOROTHIAZIDE tabs 150mg + 12.5mg,Irbesartan,150,ARBs,
bk5y.,IRBESARTAN + HYDROCHLOROTHIAZIDE tabs 300mg + 12.5mg,Irbesartan,300,ARBs,
bk5x.,IRBESARTAN + HYDROCHLOROTHIAZIDE tabs 300mg + 25mg,Irbesartan,300,ARBs,
IRTA18540NEMIS,Irbesartan 150mg / Hydrochlorothiazide 12.5mg tablets,Irbesartan,150,ARBs,
IRTA18541NEMIS,Irbesartan 300mg / Hydrochlorothiazide 12.5mg tablets,Irbesartan,300,ARBs,
bk32.,LOSARTAN,Losartan,100,ARBs,
bk3y.,LOSARTAN + HYDROCHLOROTHIAZIDE tabs 100mg + 12.5mg,Losartan,100,ARBs,
bk3z.,LOSARTAN + HYDROCHLOROTHIAZIDE tabs 100mg + 25mg,Losartan,100,ARBs,
LOTA28962NEMIS,Losartan 100mg / Hydrochlorothiazide 12.5mg tablets,Losartan,100,ARBs,
LOTA21150NEMIS,Losartan 100mg / Hydrochlorothiazide 25mg tablets,Losartan,100,ARBs,
bk37.,Losartan 100mg tablets,Losartan,100,ARBs,
LOTA12633NEMIS,Losartan 100mg tablets,Losartan,100,ARBs,
bk3C.,Losartan 12.5mg tablets,Losartan,100,ARBs,
LOTA35193NEMIS,Losartan 12.5mg tablets,Losartan,100,ARBs,
bk31.,LOSARTAN 25MG,Losartan,100,ARBs,
LOTA26214EMIS,Losartan 25mg tablets,Losartan,100,ARBs,
LOTA18550NEMIS,Losartan 50mg / Hydrochlorothiazide 12.5mg tablets,Losartan,100,ARBs,
LOTA26215EMIS,Losartan 50mg tablets,Losartan,100,ARBs,
LOOR37464NEMIS,Losartan Potassium  Oral Suspension Sugar Free  2.5 mg/ml,Losartan,100,ARBs,
MITA1045NEMIS,Micardis  Tablets  40 mg,Telmisartan,40,ARBs,
bk84.,Micardis  Tablets  80 mg,Telmisartan,80,ARBs,
MITA6417NEMIS,Micardis 20mg tablets (Boehringer Ingelheim Ltd),Telmisartan,20,ARBs,
bk83.,Micardis 40mg tablets (Boehringer Ingelheim Ltd),Telmisartan,40,ARBs,
MITA1046NEMIS,Micardis 80mg tablets (Boehringer Ingelheim Ltd),Telmisartan,80,ARBs,
MITA14652NEMIS,Micardis Plus  Tablets  40 mg/12.5 mg,Telmisartan,40,ARBs,
MITA14653NEMIS,Micardis Plus  Tablets  80 mg/12.5 mg,Telmisartan,80,ARBs,
bk87.,Micardis Plus Tablets 80 mg/12.5 mg,Telmisartan,80,ARBs,
bk86.,MICARDIS PLUS tabs 40mg + 12.5mg,Telmisartan,40,ARBs,
bk85.,Micardis Tablets 20 mg,Telmisartan,20,ARBs,
OLOR27110NEMIS,Olmesartan  Oral Suspension  10 mg/5 ml,Olmesartan,10,ARBs,
bkB1.,Olmesartan Medoxomil  Tablets  10 mg,Olmesartan,10,ARBs,
OLTA15758NEMIS,Olmesartan Medoxomil  Tablets  10 mg,Olmesartan,10,ARBs,
bkB2.,Olmesartan Medoxomil  Tablets  20 mg,Olmesartan,20,ARBs,
OLTA15760NEMIS,Olmesartan Medoxomil  Tablets  20 mg,Olmesartan,20,ARBs,
OLTA15761NEMIS,Olmesartan Medoxomil  Tablets  40 mg,Olmesartan,40,ARBs,
bkHz.,OLMESARTAN MEDOXOMIL + AMLODIPINE tabs 20mg + 5mg,Olmesartan,20,ARBs,
bkHy.,OLMESARTAN MEDOXOMIL + AMLODIPINE tabs 40mg + 5mg,Olmesartan,40,ARBs,
bkCx.,OLMESARTAN MEDOXOMIL + HYDROCHLOROTHIAZIDE tab 40mg + 12.5mg,Olmesartan,40,ARBs,
OLTA22330NEMIS,Olmesartan medoxomil 20mg / Hydrochlorothiazide 12.5mg tablets,Olmesartan,20,ARBs,
bkCy.,Olmesartan medoxomil 20mg / Hydrochlorothiazide 25mg tablets,Olmesartan,20,ARBs,
OLTA22331NEMIS,Olmesartan medoxomil 20mg / Hydrochlorothiazide 25mg tablets,Olmesartan,20,ARBs,
bkHx.,Olmesartan medoxomil 40mg / Amlodipine 10mg tablets,Olmesartan,40,ARBs,
OLTA42106NEMIS,Olmesartan medoxomil 40mg / Hydrochlorothiazide 12.5mg tablets,Olmesartan,40,ARBs,
bkB3.,Olmesartan medoxomil 40mg tablets,Olmesartan,40,ARBs,
OLTA15763NEMIS,Olmetec  Tablets  10 mg,Olmesartan,10,ARBs,
OLTA15764NEMIS,Olmetec 20mg tablets (Daiichi Sankyo UK Ltd),Olmesartan,20,ARBs,
bkB5.,Olmetec Tablets 20mg,Olmesartan,20,ARBs,
RATA26384NEMIS,Rasilez  Tablets  150 mg,Aliskiren,150,ARBs,
RATA26385NEMIS,Rasilez  Tablets  300 mg,Aliskiren,300,ARBs,
bkF1.,RASILEZ tabs 150mg,Aliskiren,150,ARBs,
bkF2.,RASILEZ tabs 300mg,Aliskiren,300,ARBs,
bk82.,TELMISARTAN,Telmisartan,NA,ARBs,
TETA6416NEMIS,Telmisartan  Tablets  20 mg,Telmisartan,20,ARBs,
TETA1042NEMIS,Telmisartan  Tablets  40 mg,Telmisartan,40,ARBs,
TETA1044NEMIS,Telmisartan  Tablets  80 mg,Telmisartan,80,ARBs,
bk8x.,TELMISARTAN + HYDROCHLOROTHIAZIDE tabs 40mg + 12.5mg,Telmisartan,40,ARBs,
bk8y.,TELMISARTAN + HYDROCHLOROTHIAZIDE tabs 80mg + 12.5mg,Telmisartan,80,ARBs,
bk8w.,TELMISARTAN + HYDROCHLOROTHIAZIDE tabs 80mg + 25mg,Telmisartan,80,ARBs,
bk8z.,Telmisartan 20mg tablets,Telmisartan,20,ARBs,
TETA18566NEMIS,Telmisartan 40mg / Hydrochlorothiazide 12.5mg tablets,Telmisartan,40,ARBs,
bk81.,Telmisartan 40mg tablets,Telmisartan,40,ARBs,
TETA18567NEMIS,Telmisartan 80mg / Hydrochlorothiazide 12.5mg tablets,Telmisartan,80,ARBs,
TETA30443NEMIS,Telmisartan 80mg / Hydrochlorothiazide 25mg tablets,Telmisartan,80,ARBs,
TETA3339NEMIS,Teveten  Tablets  300 mg,Eprosartan mesilate,300,ARBs,
TETA3340NEMIS,Teveten  Tablets  400 mg,Eprosartan mesilate,400,ARBs,
TETA3341NEMIS,Teveten  Tablets  600 mg,Eprosartan mesilate,600,ARBs,
bk91.,TEVETEN tabs 300mg,Eprosartan mesilate,300,ARBs,
bk92.,TEVETEN tabs 400mg,Eprosartan mesilate,400,ARBs,
bk93.,TEVETEN tabs 600mg,Eprosartan mesilate,600,ARBs,
bk43.,VALSARTAN,Valsartan,NA,ARBs,Loop Diuretics
VACA29705EMIS,Valsartan  Capsules  160 mg,Valsartan,160,ARBs,
bk41.,Valsartan  Capsules  40 mg,Valsartan,40,ARBs,
VACA29706EMIS,Valsartan  Capsules  40 mg,Valsartan,40,ARBs,
VACA29707EMIS,Valsartan  Capsules  80 mg,Valsartan,80,ARBs,
VATA28964NEMIS,Valsartan  Tablets  320 mg,Valsartan,320,ARBs,
VATA19082NEMIS,Valsartan  Tablets  40 mg,Valsartan,40,ARBs,
bk4x.,VALSARTAN + HYDROCHLOROTHIAZIDE tabs 80mg + 12.5mg,Valsartan,80,ARBs,
VATA18545NEMIS,Valsartan 160mg / Hydrochlorothiazide 12.5mg tablets,Valsartan,160,ARBs,
VATA18546NEMIS,Valsartan 160mg / Hydrochlorothiazide 25mg tablets,Valsartan,160,ARBs,
bk4t.,Valsartan 160mg tablets,Valsartan,160,ARBs,
VATA52642NEMIS,Valsartan 160mg tablets,Valsartan,160,ARBs,
bk4v.,Valsartan 320mg tablets,Valsartan,320,ARBs,
bk4w.,Valsartan 40mg tablets,Valsartan,40,ARBs,
VATA18921NEMIS,Valsartan 80mg / Hydrochlorothiazide 12.5mg tablets,Valsartan,80,ARBs,
bk4..,Valsartan 80mg tablets,Valsartan,80,ARBs,
bk4s.,Valsartan 80mg tablets,Valsartan,80,ARBs,
bi47.,ACCURETIC TABLETS,Hydrochlorothiazide,12.5,DIUR_THI,
ACTA18570NEMIS,Acebutolol 200mg / Hydrochlorothiazide 12.5mg tablets,Hydrochlorothiazide,12.5,DIUR_THI,
bdex.,ACEBUTOLOL HCl & HYDROCHLOROTHIAZIDE tabs,Hydrochlorothiazide,12.5,DIUR_THI,
b513.,AMILCO,Hydrochlorothiazide,5,DIUR_THI,
b51C.,Amiloride 2.5mg / Cyclopenthiazide 250microgram tablets,Cyclopenthiazide,0.25,DIUR_THI,
CYTA1735NEMIS,Amiloride 2.5mg / Cyclopenthiazide 250microgram tablets,Cyclopenthiazide,0.25,DIUR_THI,
b51k.,AMILORIDE 5MG/HYDROC TAB,Hydrochlorothiazide,5,DIUR_THI,
b51j.,AMILORIDE HCl + HYDROCHLOROTHIAZIDE tabs 2.5mg+25mg,Hydrochlorothiazide,2.5,DIUR_THI,
APTA192,Aprinox  Tablets  2.5 mg,Bendroflumethiazide,2.5,DIUR_THI,
b214.,Aprinox  Tablets  5 mg,Bendroflumethiazide,5,DIUR_THI,
APTA193,Aprinox 5mg tablets (Amdipharm Plc),Bendroflumethiazide,5,DIUR_THI,
b213.,APRINOX TAB 2.5,Bendroflumethiazide,2.5,DIUR_THI,
bd3z.,ATENIX tabs 25mg,Chlortalidone,25,DIUR_THI,
bdey.,ATENOLOL + AMILORIDE & HYDROCHLOROTHIAZIDE caps,Hydrochlorthiazide,NA,DIUR_THI,
bden.,ATENOLOL + CHLORTALIDONE tabs 100mg+25mg,Chlortalidone,12.5,DIUR_THI,
bdem.,ATENOLOL + CHLORTALIDONE tabs 50mg+12.5mg,Chlortalidone,12.5,DIUR_THI,
BATA274,Baycaron  Tablets  25 mg,Mefruside,25,DIUR_THI,
b211.,BENDROFLUAZIDE,Bendroflumethiazide,NA,DIUR_THI,
b212.,BENDROFLUAZIDE,Bendroflumethiazide,NA,DIUR_THI,
BETA302,Bendrofluazide  Tablets  2.5 mg,Bendroflumethiazide,2.5,DIUR_THI,
BETA303,Bendrofluazide  Tablets  5 mg,Bendroflumethiazide,5,DIUR_THI,
b91h.,BENDROFLUAZIDE + POTASSIUM mr tab 2.5mg + 8.4mmol,Bendroflumethiazide,2.5,DIUR_THI,
bdew.,BENDROFLUAZIDE + PROPRANOLOL mr cap 5mg + 160mg,Bendroflumethiazide,5,DIUR_THI,
bdeL.,BENDROFLUAZIDE + TIMOLOL MALEATE tabs 2.5mg + 10mg,Bendroflumethiazide,2.5,DIUR_THI,
BETA10572BRIDL,Bendrofluazide K  Tablets  ,Bendroflumethiazide,NA,DIUR_THI,
BETA17553NEMIS,Bendroflumethiazide  Tablets  2.5 mg,Bendroflumethiazide,2.5,DIUR_THI,
BETA17554NEMIS,Bendroflumethiazide  Tablets  5 mg,Bendroflumethiazide,5,DIUR_THI,
b91c.,BENDROFLUMETHIAZIDE + POTASSIUM mr tab 2.5mg + 7.7mmol,Bendroflumethiazide,2.5,DIUR_THI,
BETA18538NEMIS,Bendroflumethiazide 2.5mg / Potassium chloride 573mg (potassium 7.7mmol) modified-release tablets,Bendroflumethiazide,2.5,DIUR_THI,
b21..,BENDROFLUMETHIAZIDE oral susp 2.5mg/5ml,Bendroflumethiazide,2.5,DIUR_THI,
BETA332,Berkozide  Tablets  5 mg,Bendroflumethiazide,5,DIUR_THI,
bdf8.,BISOPROLOL & HYDROCHLOROTHIAZIDE tabs 10mg + 6.25mg,Hydrochlorthiazide,6.25,DIUR_THI,
CATA8735BRIDL,Capozide  Tablets  ,Hydrochlorthiazide,25,DIUR_THI,
bi1s.,Capozide 25mg/50mg tablets (Bristol-Myers Squibb Pharmace...,Hydrochlorthiazide,25,DIUR_THI,
CATA19668EMIS,Capozide Ls  Tablets  ,Hydrochlorthiazide,25,DIUR_THI,
bi1d.,CAPOZIDE LS TAB,Hydrochlorthiazide,25,DIUR_THI,
bi1c.,CAPOZIDE TAB,Hydrochlorthiazide,25,DIUR_THI,
bi1G.,CAPTOPRIL + HydChlrThiaz TABS 50MG+25MG,Hydrochlorthiazide,25,DIUR_THI,
bi1F.,CAPTOPRIL + HYDROCHLOROTHIAZIDE tabs 25mg + 12.5mg,Hydrochlorthiazide,12.5,DIUR_THI,
CATA8616EGTON,Carace  Tablets  10 mg,Hydrochlorthiazide,12.5,DIUR_THI,
CATA8618EGTON,Carace  Tablets  20 mg,Hydrochlorthiazide,12.5,DIUR_THI,
CATA8619EGTON,Carace  Tablets  5 mg,Hydrochlorthiazide,12.5,DIUR_THI,
bi33.,CARACE (SPECIAL COMP TAB 10,Hydrochlorthiazide,12.5,DIUR_THI,
bi39.,CARACE (SPECIAL COMP TAB 10,Hydrochlorthiazide,12.5,DIUR_THI,
bi34.,CARACE (SPECIAL COMP TAB 20,Hydrochlorthiazide,12.5,DIUR_THI,
bi32.,CARACE (SPECIAL COMP TAB 5,Hydrochlorthiazide,12.5,DIUR_THI,
bi37.,CARACE (SPECIAL COMP TAB 5,Hydrochlorthiazide,12.5,DIUR_THI,
CATA24703EMIS,Carace 10 Plus  Tablets  ,Hydrochlorthiazide,12.5,DIUR_THI,
bi3l.,CARACE 10 PLUS TAB,Hydrochlorthiazide,12.5,DIUR_THI,
CATA8617EGTON,Carace 2.5mg tablets (Bristol-Myers Squibb Pharmaceuticals Ltd),Hydrochlorthiazide,12.5,DIUR_THI,
bi3k.,Carace 20 Plus  Tablets,Hydrochlorthiazide,12.5,DIUR_THI,
CATA9093EMIS,Carace 20 Plus  Tablets  ,Hydrochlorthiazide,12.5,DIUR_THI,
bi31.,CARACE TAB 2.5,Hydrochlorthiazide,12.5,DIUR_THI,
bi35.,CARACE TAB 2.5,Hydrochlorthiazide,12.5,DIUR_THI,
b285.,Cardide SR 1.5mg tablets (Teva UK Ltd),Indapamide,1.5,DIUR_THI,
CAM/88748NEMIS,Cardide SR 1.5mg tablets (Teva UK Ltd),Indapamide,1.5,DIUR_THI,
b22z.,CHLOROTHIAZIDE TAB 500,Chlorothiazide,500,DIUR_THI,
CHTA17595NEMIS,Chlortalidone  Tablets  50 mg,Chlortalidone,50,DIUR_THI,
b23y.,Chlortalidone 50mg tablets,Chlortalidone,50,DIUR_THI,
COTA9316HILLI,Co-Amilozide 2.5/25  Tablets  ,Hydrochlorthiazide,2.5,DIUR_THI,
COTA10219BRIDL,Co-Amilozide 5/50  Tablets  ,Hydrochlorthiazide,5,DIUR_THI,
bk57.,Coaprovel  Tablets  150 mg,Hydrochlorothiazide,12.5,DIUR_THI,
COTA5665NEMIS,Coaprovel  Tablets  150 mg,Hydrochlorothiazide,12.5,DIUR_THI,
COTA5666NEMIS,Coaprovel  Tablets  300 mg,Hydrochlorothiazide,12.5,DIUR_THI,
COTA23522NEMIS,Coaprovel  Tablets  300 mg + 25 mg,Hydrochlorothiazide,25,DIUR_THI,
bk58.,CoAprovel 300mg/12.5mg tablets (Sanofi),Hydrochlorothiazide,12.5,DIUR_THI,
bk59.,CoAprovel 300mg/25mg tablets (Sanofi),Hydrochlorothiazide,25,DIUR_THI,
bde1.,co-betaloc tablets,Hydrochlorothiazide,12.5,DIUR_THI,
COTA18415NEMIS,Co-Diovan  Tablets  160 mg/12.5 mg,Hydrochlorothiazide,12.5,DIUR_THI,
COTA18416NEMIS,Co-Diovan  Tablets  160 mg/25 mg,Hydrochlorothiazide,25,DIUR_THI,
COTA18922NEMIS,Co-Diovan  Tablets  80 mg/12.5 mg,Hydrochlorothiazide,12.5,DIUR_THI,
bk48.,Co-Diovan 160mg/25mg tablets (Novartis Pharmaceuticals UK...,Hydrochlorothiazide,25,DIUR_THI,
bk49.,Co-Diovan 80mg/12.5mg tablets (Novartis Pharmaceuticals U...,Hydrochlorothiazide,12.5,DIUR_THI,
bk47.,CO-DIOVAN tabs 160mg + 12.5mg,Hydrochlorothiazide,12.5,DIUR_THI,
b51q.,Co-Flumactone 50/50  Tablets,Hydroflumethiazide,50,DIUR_THI,
COTA737,Corgaretic 40  Tablets  ,Bendroflumethiazide,40,DIUR_THI,
COTA738,Corgaretic 80  Tablets  ,Bendroflumethiazide,80,DIUR_THI,
bde4.,CORGARETIC 80 tabs,Bendroflumethiazide,80,DIUR_THI,
COTA8936BRECO,Co-Tenidone 100/25  Tablets,Chlortalidone,25,DIUR_THI,
COTA8933BRECO,Co-Tenidone 50/12.5  Tablets,Chlortalidone,25,DIUR_THI,
b51A.,CO-TRIAMTERZID (triamtere & hydrochlorothiazid tab 50mg+25mg,Hydrochlorothiazide,50 + 25,DIUR_THI,
COTA24912EMIS,Co-Triamterzide 50/25  Tablets,Hydrochlorothiazide,50 + 25,DIUR_THI,
COTA12634NEMIS,Cozaar  Tablets  100 mg,Hydrochlorothiazide,12.5,DIUR_THI,
COTA26210EMIS,Cozaar  Tablets  25 mg,Hydrochlorothiazide,12.5,DIUR_THI,
bk34.,Cozaar  Tablets  50 mg,Hydrochlorothiazide,12.5,DIUR_THI,
COTA26211EMIS,Cozaar  Tablets  50 mg,Hydrochlorothiazide,12.5,DIUR_THI,
bk38.,Cozaar 100mg tablets (Merck Sharp & Dohme Ltd),Hydrochlorothiazide,12.5,DIUR_THI,
bk33.,Cozaar 25mg tablets (Merck Sharp & Dohme Ltd),Hydrochlorothiazide,12.5,DIUR_THI,
bk36.,COZAAR-COMP,Hydrochlorothiazide,12.5,DIUR_THI,
COTA30977EMIS,Cozaar-Comp  Tablets,Hydrochlorothiazide,12.5,DIUR_THI,
COTA28963NEMIS,Cozaar-Comp  Tablets  100 mg + 12.5 mg,Hydrochlorothiazide,12.5,DIUR_THI,
COTA21151NEMIS,Cozaar-Comp  Tablets  100 mg + 25 mg,Hydrochlorothiazide,25,DIUR_THI,
bk3A.,Cozaar-Comp 100mg/12.5mg tablets (Merck Sharp & Dohme Ltd),Hydrochlorothiazide,12.5,DIUR_THI,
bk39.,Cozaar-Comp Tablets 100 mg + 25 mg,Hydrochlorothiazide,25,DIUR_THI,
COTA1597NEMIS,Co-zidocapt 25mg/50mg tablets,Hydrochlorothiazide,25,DIUR_THI,
CYTA779,Cyclopenthiazide  Tablets  500 micrograms,Cyclopenthiazide,0.5,DIUR_THI,
DITA958,Diurexan 20mg tablets (Meda Pharmaceuticals Ltd),Xipamide,20,DIUR_THI,
b2d1.,DIUREXAN TAB 20mg,Xipamide,20,DIUR_THI,
b514.,DYAZIDE,Hydrochlorothiazide,NA,DIUR_THI,
DYTA1014,Dyazide  Tablets,Hydrochlorothiazide,NA,DIUR_THI,
bi2b.,ENALAPRIL + HYDROCHLOROTHIAZIDE tabs,Hydrochlorothiazide,12.5,DIUR_THI,
ENTA18559NEMIS,Enalapril 20mg / Hydrochlorothiazide 12.5mg tablets,Hydrochlorothiazide,12.5,DIUR_THI,
EXTA23857NEMIS,Exforge  Tablets  10 mg/160 mg,Valsartan,160,DIUR_THI,
EXTA23856NEMIS,Exforge  Tablets  5 mg/160 mg,Valsartan,160,DIUR_THI,
EXTA23855NEMIS,Exforge  Tablets  5 mg/80 mg,Valsartan,80,DIUR_THI,
bkDx.,EXFORGE tabs 10mg + 160mg,Valsartan,160,DIUR_THI,
HYTA4997,Hydrochlorothiazide  Tablets  25 mg,Hydrochlorothiazide,25,DIUR_THI,
bk35.,HYDROCHLOROTHIAZIDE + LOSARTAN tabs 12.5mg + 50mg,Hydrochlorothiazide,12.5,DIUR_THI,
bk4z.,HYDROCHLOROTHIAZIDE + VALSARTAN tabs 12.5mg + 160mg,Hydrochlorothiazide,12.5,DIUR_THI,
bk4y.,HYDROCHLOROTHIAZIDE + VALSARTAN tabs 25mg + 160mg,Hydrochlorothiazide,25,DIUR_THI,
b26z.,HYDROCHLOROTHIAZIDE 25MG,Hydrochlorothiazide,25,DIUR_THI,
b263.,HYDROSALURIC TAB 25mg,Hydrochlorothiazide,25,DIUR_THI,
HYTA1409,Hygroton  Tablets  50 mg,Chlortalidone,50,DIUR_THI,
b231.,Hygroton 50mg tablets (Alliance Pharmaceuticals Ltd),Chlortalidone,50,DIUR_THI,
HYTA1410,Hygroton K Tablets,Chlortalidone,NA,DIUR_THI,
b232.,HYGROTON TAB 100,Chlortalidone,100,DIUR_THI,
b916.,HYGROTON-K TAB,Chlortalidone,NA,DIUR_THI,
INM/30012EMIS,Indapamide  M/R Tablets  1.5 mg,Indapamide,2.5m1.5g,DIUR_THI,
b28z.,Indapamide  Tablets  2.5 mg,Indapamide,2.5,DIUR_THI,
INTA1449,Indapamide  Tablets  2.5 mg,Indapamide,2.5,DIUR_THI,
bi28.,INNOZIDE,Hydrochlorothiazide,12.5,DIUR_THI,
INTA9233EMIS,Innozide  Tablets  ,Hydrochlorothiazide,12.5,DIUR_THI,
bk5z.,IRBESARTAN + HYDROCHLOROTHIAZIDE tabs 150mg + 12.5mg,Hydrochlorothiazide,12.5,DIUR_THI,
bk5y.,IRBESARTAN + HYDROCHLOROTHIAZIDE tabs 300mg + 12.5mg,Hydrochlorothiazide,12.5,DIUR_THI,
bk5x.,IRBESARTAN + HYDROCHLOROTHIAZIDE tabs 300mg + 25mg,Hydrochlorothiazide,25,DIUR_THI,
IRTA18540NEMIS,Irbesartan 150mg / Hydrochlorothiazide 12.5mg tablets,Hydrochlorothiazide,12.5,DIUR_THI,
IRTA18541NEMIS,Irbesartan 300mg / Hydrochlorothiazide 12.5mg tablets,Hydrochlorothiazide,12.5,DIUR_THI,
KATA1538,Kalspare  Tablets  ,Chlortalidone,50,DIUR_THI,
b518.,Kalspare tablets (DHP Healthcare Ltd),Chlortalidone,50,DIUR_THI,
KACA1539,Kalten  Capsules,Hydrochlorothiazide,25,DIUR_THI,
bde7.,KALTEN CAP,Hydrochlorothiazide,25,DIUR_THI,
bi3t.,LISINOPR + HYDROCHLOROTHIAZI tabl 10mg/12.5mg,Hydrochlorothiazide,12.5,DIUR_THI,
bi3p.,LISINOPRIL + HydChlrThiaz TABS 20MG/12.5MG,Hydrochlorothiazide,12.5,DIUR_THI,
LITA18535NEMIS,Lisinopril 10mg / Hydrochlorothiazide 12.5mg tablets,Hydrochlorothiazide,12.5,DIUR_THI,
LITA18536NEMIS,Lisinopril 20mg / Hydrochlorothiazide 12.5mg tablets,Hydrochlorothiazide,12.5,DIUR_THI,
bk3y.,LOSARTAN + HYDROCHLOROTHIAZIDE tabs 100mg + 12.5mg,Hydrochlorothiazide,12.5,DIUR_THI,
bk3z.,LOSARTAN + HYDROCHLOROTHIAZIDE tabs 100mg + 25mg,Hydrochlorothiazide,12.5,DIUR_THI,
LOTA28962NEMIS,Losartan 100mg / Hydrochlorothiazide 12.5mg tablets,Hydrochlorothiazide,12.5,DIUR_THI,
LOTA21150NEMIS,Losartan 100mg / Hydrochlorothiazide 25mg tablets,Hydrochlorothiazide,25,DIUR_THI,
LOTA18550NEMIS,Losartan 50mg / Hydrochlorothiazide 12.5mg tablets,Hydrochlorothiazide,12.5,DIUR_THI,
META5119,Mefruside Tablets 25 mg,Mefruside,25,DIUR_THI,
META1786,Metenix 5  Tablets  5 mg,Metolazone,5,DIUR_THI,
META77672NEMIS,Metolazone  Tablets  2.5 mg,Metolazone,2.5,DIUR_THI,
META5158,Metolazone  Tablets  5 mg,Metolazone,5,DIUR_THI,
b2b..,Metolazone 2.5mg tablets,Metolazone,2.5,DIUR_THI,
b2bz.,METOLAZONE 5MG,Metolazone,5,DIUR_THI,
META18543NEMIS,Metoprolol And Hydrochlorothiazide  Tablets  100 mg + 12.5 mg,Hydrochlorothiazide,12.5,DIUR_THI,
MITA14652NEMIS,Micardis Plus  Tablets  40 mg/12.5 mg,Hydrochlorothiazide,12.5,DIUR_THI,
MITA14653NEMIS,Micardis Plus  Tablets  80 mg/12.5 mg,Hydrochlorothiazide,12.5,DIUR_THI,
bk87.,Micardis Plus Tablets 80 mg/12.5 mg,Hydrochlorothiazide,12.5,DIUR_THI,
bk86.,MICARDIS PLUS tabs 40mg + 12.5mg,Hydrochlorothiazide,12.5,DIUR_THI,
bdea.,MODUCREN TAB,Hydrochlorothiazide,NA,DIUR_THI,
MOTA1865,Moducren tablets (Merck Sharp & Dohme Ltd),Hydrochlorothiazide,NA,DIUR_THI,
MOTA1866,Moduret 25  Tablets  ,Hydrochlorothiazide,25,DIUR_THI,
MOTA1868,Moduretic  Tablets  ,Hydrochlorothiazide,NA,DIUR_THI,
bdf7.,MONOZIDE 10 TAB 10mg,Hydrochlorothiazide,6.25,DIUR_THI,
NATA1943,Natrilix  Tablets  2.5 mg,Indapamide,2.5,DIUR_THI,
b281.,Natrilix 2.5mg tablets (Servier Laboratories Ltd),Indapamide,2.5,DIUR_THI,
NAM/30010EMIS,Natrilix Sr  M/R Tablets  1.5 mg,Indapamide,1.5,DIUR_THI,
b286.,Natrilix SR 1.5mg tablets (Servier Laboratories Ltd),Indapamide,1.5,DIUR_THI,
NATA1944,Navidrex  Tablets  500 micrograms,Cyclopenthiazide,0.5,DIUR_THI,
b251.,NAVIDREX 0.5mg tabs,Cyclopenthiazide,0.5,DIUR_THI,
b919.,navidrex k tablets,Cyclopenthiazide,0.5,DIUR_THI,
NATA1946,Navidrex-K  Tablets  ,Cyclopenthiazide,0.5,DIUR_THI,
b51r.,NAVISPARE,Cyclopenthiazide,0.25,DIUR_THI,
NATA9179BRIDL,Navispare  Tablets  ,Cyclopenthiazide,0.25,DIUR_THI,
b91a.,NEO-NACLEX -K tabs,Bendroflumethiazide,NA,DIUR_THI,
NETAEGTON6665,Neo-Naclex-K modified-release tablets (Mercury Pharma Group Ltd),Bendroflumethiazide,NA,DIUR_THI,
NETA1963,Nephril  Tablets  1 mg,Polythiazide,1,DIUR_THI,
b2c1.,NEPHRIL TAB 1,Polythiazide,1,DIUR_THI,
bkCx.,OLMESARTAN MEDOXOMIL + HYDROCHLOROTHIAZIDE tab 40mg + 12.5mg,Hydrochlorothiazide,12.5,DIUR_THI,
OLTA22330NEMIS,Olmesartan medoxomil 20mg / Hydrochlorothiazide 12.5mg tablets,Hydrochlorothiazide,12.5,DIUR_THI,
bkCy.,Olmesartan medoxomil 20mg / Hydrochlorothiazide 25mg tablets,Hydrochlorothiazide,25,DIUR_THI,
OLTA22331NEMIS,Olmesartan medoxomil 20mg / Hydrochlorothiazide 25mg tablets,Hydrochlorothiazide,25,DIUR_THI,
OLTA42106NEMIS,Olmesartan medoxomil 40mg / Hydrochlorothiazide 12.5mg tablets,Hydrochlorothiazide,12.5,DIUR_THI,
OLTA15763NEMIS,Olmetec  Tablets  10 mg,Hydrochlorothiazide,12.5,DIUR_THI,
OLTA15764NEMIS,Olmetec 20mg tablets (Daiichi Sankyo UK Ltd),Hydrochlorothiazide,25,DIUR_THI,
bkB5.,Olmetec Tablets 20mg,Hydrochlorothiazide,25,DIUR_THI,
bi55.,PERINDOPRIL + INDAPAMIDE tabs 4mg + 1.25mg,Indapamide,1.25,DIUR_THI,
bi55.,PERINDOPRIL + INDAPAMIDE tabs 4mg + 1.25mg,Perindopril,4,DIUR_THI,
bi52.,PERINDOPRIL 4mg,Perindopril,4,DIUR_THI,
PETA18548NEMIS,Perindopril And Indapamide  Tablets  4 mg + 1.25 mg,Indapamide,1.25,DIUR_THI,
PETA18548NEMIS,Perindopril And Indapamide  Tablets  4 mg + 1.25 mg,Perindopril,4,DIUR_THI,
biC8.,PERINDOPRIL ARGININE + INDAPAMIDE tabs 5mg + 1.25mg,Indapamide,1.25,DIUR_THI,
biC8.,PERINDOPRIL ARGININE + INDAPAMIDE tabs 5mg + 1.25mg,Perindopril,5,DIUR_THI,
biC6.,Perindopril arginine 10mg tablets,Perindopril,10,DIUR_THI,
PETA29339NEMIS,Perindopril arginine 10mg tablets,Perindopril,10,DIUR_THI,
biC2.,Perindopril arginine 2.5mg tablets,Perindopril,2.5,DIUR_THI,
PETA29345NEMIS,Perindopril arginine 5mg / Indapamide 1.25mg tablets,Indapamide,1.25,DIUR_THI,
PETA29345NEMIS,Perindopril arginine 5mg / Indapamide 1.25mg tablets,Perindopril,5,DIUR_THI,
biC4.,Perindopril arginine 5mg tablets,Perindopril,5,DIUR_THI,
PETA9809HILLI,Perindopril Erbumine  Tablets  2 mg,Perindopril,2,DIUR_THI,
56...,Perindopril Erbumine  Tablets  4 mg,Perindopril,4,DIUR_THI,
60...,Perindopril Erbumine  Tablets  4 mg,Perindopril,4,DIUR_THI,
PETA9810HILLI,Perindopril Erbumine  Tablets  4 mg,Perindopril,4,DIUR_THI,
bi57.,Perindopril Erbumine  Tablets  8 mg,Perindopril,8,DIUR_THI,
PETA14419NEMIS,Perindopril Erbumine  Tablets  8 mg,Perindopril,8,DIUR_THI,
bi5..,PERINDOPRIL ERBUMINE oral susp 4mg/5ml,Perindopril,4,DIUR_THI,
POTA5311,Polythiazide  Tablets  1 mg,Polythiazide,1,DIUR_THI,
bdeb.,PRESTIM,Bendroflumethiazide,2.5,DIUR_THI,
PRTA2342,Prestim  Tablets  ,Bendroflumethiazide,5,DIUR_THI,
PRTA2343,Prestim Forte Tablets,Bendroflumethiazide,5,DIUR_THI,
bi48.,QUINAPRIL & HydChlrThiaz TABS 10MG+12.5MG,Hydrochlorothiazide,12.5,DIUR_THI,
SETA2508,Secadrex  Tablets  ,Hydrochlorothiazide,12.5,DIUR_THI,
bded.,SECADREX CALENDAR PA TAB,Hydrochlorothiazide,12.5,DIUR_THI,
bdcu.,SOTALOL,Hydrochlorothiazide,NA,DIUR_THI,
bdcv.,SOTALOL,Hydrochlorothiazide,NA,DIUR_THI,
bdeH.,SOTALOL + HYDROCHLOROTHIAZIDE tabs 160mg + 25mg,Hydrochlorothiazide,25,DIUR_THI,
bdcx.,Sotalol 160mg tablets,Hydrochlorothiazide,25,DIUR_THI,
SOTA5392,Sotalol 160mg tablets,Hydrochlorothiazide,25,DIUR_THI,
SOTA6816,Sotalol 40mg tablets,Hydrochlorothiazide,12.5,DIUR_THI,
SOTA6817,Sotalol 80mg tablets,Hydrochlorothiazide,12.5,DIUR_THI,
SOTA2651,Sotazide  Tablets  ,Hydrochlorothiazide,NA,DIUR_THI,
bk8x.,TELMISARTAN + HYDROCHLOROTHIAZIDE tabs 40mg + 12.5mg,Hydrochlorothiazide,12.5,DIUR_THI,
bk8y.,TELMISARTAN + HYDROCHLOROTHIAZIDE tabs 80mg + 12.5mg,Hydrochlorothiazide,12.5,DIUR_THI,
bk8w.,TELMISARTAN + HYDROCHLOROTHIAZIDE tabs 80mg + 25mg,Hydrochlorothiazide,25,DIUR_THI,
TETA18566NEMIS,Telmisartan 40mg / Hydrochlorothiazide 12.5mg tablets,Hydrochlorothiazide,12.5,DIUR_THI,
TETA18567NEMIS,Telmisartan 80mg / Hydrochlorothiazide 12.5mg tablets,Hydrochlorothiazide,12.5,DIUR_THI,
TETA30443NEMIS,Telmisartan 80mg / Hydrochlorothiazide 25mg tablets,Hydrochlorothiazide,25,DIUR_THI,
TECA30610EMIS,Tenben  Capsules  ,Bendroflumethiazide,1.25,DIUR_THI,
bdeQ.,TENBEN CAP,Bendroflumethiazide,1.25,DIUR_THI,
bdeg.,TENORET 50,Chlortalidone,12.5,DIUR_THI,
TETA2798,Tenoret 50  Tablets  ,Chlortalidone,12.5,DIUR_THI,
TRTA2899,Trasidrex  Tablets  ,Cyclopenthiazide,0.25,DIUR_THI,
bdej.,TRASIDREX TAB,Cyclopenthiazide,0.25,DIUR_THI,
b51G.,Triamterene 50mg / Chlortalidone 50mg tablets,Chlortalidone,50,DIUR_THI,
bk4x.,VALSARTAN + HYDROCHLOROTHIAZIDE tabs 80mg + 12.5mg,Hydrochlorothiazide,12.5,DIUR_THI,
VATA18545NEMIS,Valsartan 160mg / Hydrochlorothiazide 12.5mg tablets,Hydrochlorothiazide,12.5,DIUR_THI,
VATA18546NEMIS,Valsartan 160mg / Hydrochlorothiazide 25mg tablets,Hydrochlorothiazide,25,DIUR_THI,
VATA18921NEMIS,Valsartan 80mg / Hydrochlorothiazide 12.5mg tablets,Hydrochlorothiazide,12.5,DIUR_THI,
XITA3077,Xipamide  Tablets  20 mg,Xipamide,20,DIUR_THI,
b2dz.,Xipamide 20mg tablets,Xipamide,20,DIUR_THI,
bi3s.,Zestoretic,Hydrochlorothiazide,12.5,DIUR_THI,
ZETA24152EMIS,Zestoretic 10  Tablets  ,Hydrochlorothiazide,12.5,DIUR_THI,
ZETA9096EMIS,Zestoretic 20  Tablets  ,Hydrochlorothiazide,12.5,DIUR_THI,
bi3n.,ZESTORETIC 20 TAB,Hydrochlorothiazide,12.5,DIUR_THI,
ADM/25953NEMIS,Advagraf 0.5mg modified-release capsules (Astellas Pharma Ltd),Tacrolimus,0.5,Immunosuppressants,
ADM/25954NEMIS,Advagraf 1mg modified-release capsules (Astellas Pharma Ltd),Tacrolimus,1,Immunosuppressants,
CETA31623EMIS,Cellcept  Tablets  500 mg,Mycophenolic acid,500,Immunosuppressants,
h842.,CellCept 250mg capsules (Roche Products Ltd),Mycophenolic acid,250,Immunosuppressants,
h844.,CellCept 500mg tablets (Roche Products Ltd),Mycophenolic acid,500,Immunosuppressants,
CICA17607NEMIS,Ciclosporin  Capsules  10 mg,Ciclosporin,10,Immunosuppressants,
CICA17609NEMIS,Ciclosporin  Capsules  100 mg,Ciclosporin,100,Immunosuppressants,
CICA17608NEMIS,Ciclosporin  Capsules  25 mg,Ciclosporin,25,Immunosuppressants,
CICA17610NEMIS,Ciclosporin  Capsules  50 mg,Ciclosporin,50,Immunosuppressants,
CIOR17611NEMIS,Ciclosporin 100mg/ml oral solution sugar free,Ciclosporin,20,Immunosuppressants,
h827.,CICLOSPORIN caps 100mg,Ciclosporin,100,Immunosuppressants,
h826.,CICLOSPORIN caps 25mg,Ciclosporin,25,Immunosuppressants,
h829.,CICLOSPORIN caps 50mg,Ciclosporin,50,Immunosuppressants,
h82x.,CICLOSPORIN oral soln 100mg/ml,Ciclosporin,20,Immunosuppressants,
8C17.,Injection -nursing care myocrisin 50mg given.,Sodium aurothiomalate,50,Immunosuppressants,
7L18600,Intramuscular injection of Methotrexate,Methotrexate,NA,Immunosuppressants,
h34q.,MAXTREX 10mg,Methotrexate,10,Immunosuppressants,
MATA3883,Maxtrex 2.5mg tablets (Pfizer Ltd),Methotrexate,10,Immunosuppressants,
h341.,METHOTREXATE,Methotrexate,NA,Immunosuppressants,
META5136,Methotrexate  Tablets  10 mg,Methotrexate,10,Immunosuppressants,
META3900,Methotrexate  Tablets  2.5 mg,Methotrexate,2.5,Immunosuppressants,
h342.,METHOTREXATE 10mg,Methotrexate,10,Immunosuppressants,
MEIN90724NEMIS,Methotrexate 10mg/0.2ml solution for injection pre-filled disposable devices,Methotrexate,10,Immunosuppressants,
MEIN90730NEMIS,Methotrexate 25mg/0.5ml solution for injection pre-filled disposable devices,Methotrexate,25,Immunosuppressants,
h34b.,METHOTREXATE 25MG/1M INJ,Methotrexate,25,Immunosuppressants,
h344.,Methotrexate 5mg/2ml solution for injection vials,Methotrexate,15,Immunosuppressants,
h34z.,METHOTREXATE inj 10mg/1ml,Methotrexate,10,Immunosuppressants,
h24B.,METHOTREXATE inj 20mg/2ml,Methotrexate,20,Immunosuppressants,
h34N.,METOJECT inj 10mg/0.2ml,Methotrexate,10,Immunosuppressants,
MYCA28266EMIS,Mycophenolate Mofetil  Capsules  250 mg,Mycophenolic acid,250,Immunosuppressants,
MYTA31625EMIS,Mycophenolate Mofetil  Tablets  500 mg,Mycophenolic acid,500,Immunosuppressants,
h841.,Mycophenolate mofetil 250mg capsules,Mycophenolic acid,250,Immunosuppressants,
h843.,Mycophenolate mofetil 500mg tablets,Mycophenolic acid,500,Immunosuppressants,
h846.,MYCOPHENOLATE MOFETIL oral susp 1g/5ml,Mycophenolic acid,1000,Immunosuppressants,
h84x.,Mycophenolic acid 180mg gastro-resistant tablets,Mycophenolic acid,180,Immunosuppressants,
h84y.,Mycophenolic acid 360mg gastro-resistant tablets,Mycophenolic acid,360,Immunosuppressants,
MYGA18754NEMIS,Mycophenolic acid 360mg gastro-resistant tablets,Mycophenolic acid,260,Immunosuppressants,
h848.,Myfortic 180mg gastro-resistant tablets (Novartis Pharmac...,Mycophenolic acid,180,Immunosuppressants,
h849.,Myfortic 360mg gastro-resistant tablets (Novartis Pharmac...,Mycophenolic acid,360,Immunosuppressants,
MYGA18757NEMIS,Myfortic 360mg gastro-resistant tablets (Novartis Pharmaceuticals UK Ltd),Mycophenolic acid,360,Immunosuppressants,
MYIN1920,Myocrisin  Injection  50 mg/0.5 ml ampoule,Sodium aurothiomalate,50,Immunosuppressants,
j515.,MYOCRISIN (0.5ML) INJ 100,Sodium aurothiomalate,100,Immunosuppressants,
j513.,MYOCRISIN (10MG/0.5M INJ,Sodium aurothiomalate,10,Immunosuppressants,
j514.,MYOCRISIN inj 20mg/0.5ml,Sodium aurothiomalate,20,Immunosuppressants,
h82C.,NEORAL,Ciclosporin,NA,Immunosuppressants,
NECA33597EMIS,Neoral  Capsules  10 mg,Ciclosporin,10,Immunosuppressants,
NECA26623EMIS,Neoral  Capsules  100 mg,Ciclosporin,100,Immunosuppressants,
NECA26624EMIS,Neoral  Capsules  25 mg,Ciclosporin,25,Immunosuppressants,
NECA26625EMIS,Neoral  Capsules  50 mg,Ciclosporin,50,Immunosuppressants,
h82A.,NEORAL 25MG,Ciclosporin,25,Immunosuppressants,
h82B.,Neoral 50mg capsules (Novartis Pharmaceuticals UK Ltd),Ciclosporin,50,Immunosuppressants,
j51z.,SODIUM AUROTHIOMALATE inj 50mg/0.5ml,Sodium aurothiomalate,50,Immunosuppressants,
7L19H00,Subcutaneous injection of methotrexate,Methotrexate,NA,Immunosuppressants,
h831.,Tacrolimus 1mg capsules,Tacrolimus,1,Immunosuppressants,
TACA25863EMIS,Tacrolimus 1mg capsules,Tacrolimus,1,Immunosuppressants,
TACA4137NEMIS,Tacrolimus 500microgram capsules,Tacrolimus,0.5,Immunosuppressants,
h832.,TACROLIMUS 5mg capsules,Tacrolimus,5,Immunosuppressants,
TACA25864EMIS,Tacrolimus 5mg capsules,Tacrolimus,5,Immunosuppressants,
h83z.,TACROLIMUS caps 500 micrograms,Tacrolimus,0.5,Immunosuppressants,
h83v.,TACROLIMUS once daily mr caps 3mg,Tacrolimus,3,Immunosuppressants,
h83x.,TACROLIMUS PR cap 1mg,Tacrolimus,1,Immunosuppressants,
b51D.,Amiloride 5mg / Bumetanide 1mg tablets,Bumetanide,1,Loop Diuretics,
BUTA974NEMIS,Amiloride 5mg / Bumetanide 1mg tablets,Bumetanide,1,Loop Diuretics,
b51x.,AMILORIDE HCl + FUROSEMIDE tabs 2.5mg + 20mg,Furosemide,5 + 2040,Loop Diuretics,
b51y.,AMILORIDE HCl + FUROSEMIDE tabs 5mg + 40mg,Furosemide,40,Loop Diuretics,
b341.,ARELIX CAP 6,Piretanide,6,Loop Diuretics,
b32u.,BUMETANIDE,Bumetanide,NA,Loop Diuretics,
b32v.,BUMETANIDE,Bumetanide,NA,Loop Diuretics,
BULI433,Bumetanide  Liquid  Sugar Free 1 mg/5 ml,Bumetanide,1,Loop Diuretics,
BUTA434,Bumetanide  Tablets  1 mg,Bumetanide,1,Loop Diuretics,
BUTA435,Bumetanide  Tablets  5 mg,Bumetanide,5,Loop Diuretics,
b91b.,BUMETANIDE + POTASSIUM tabs 500micrograms + 7.7mmol,Bumetanide,0.5,Loop Diuretics,
b32w.,Bumetanide 1mg/5ml oral solution sugar free,Bumetanide,1,Loop Diuretics,
BUTA976NEMIS,Bumetanide 500microgram / Potassium chloride 573mg (potassium 7.7mmol) modified-release tablets,Bumetanide,0.5,Loop Diuretics,
b32z.,BUMETANIDE inj 0.5mg/ml,Bumetanide,2.5,Loop Diuretics,
BUTA10569BRIDL,Bumetanide K  Tablets  ,Bumetanide,NA,Loop Diuretics,
BULI439,Burinex  Liquid  1 mg/5 ml,Bumetanide,1,Loop Diuretics,
b321.,Burinex  Tablets  1 mg,Bumetanide,1,Loop Diuretics,
BUTA440,Burinex  Tablets  1 mg,Bumetanide,1,Loop Diuretics,
BUTA441,Burinex  Tablets  5 mg,Bumetanide,5,Loop Diuretics,
b51t.,BURINEX A,Bumetanide,NA,Loop Diuretics,
BUTA10630BRIDL,Burinex A  Tablets  ,Bumetanide,NA,Loop Diuretics,
b912.,BURINEX K,Bumetanide,NA,Loop Diuretics,
BUTA442,Burinex K  Tablets  ,Bumetanide,NA,Loop Diuretics,
b322.,BURINEX tabs 5mg,Bumetanide,5,Loop Diuretics,
COTA9298EMIS,Co-Amilofruse 10/80  Tablets  ,Furosemide,80,Loop Diuretics,
b51z.,Co-amilofruse 10mg/80mg tablets,Furosemide,80,Loop Diuretics,
COTA9301EMIS,Co-Amilofruse 2.5/20  Tablets  ,Furosemide,20,Loop Diuretics,
COTA9149BRIDL,Co-Amilofruse 5/40  Tablets,Furosemide,40,Loop Diuretics,
DITA954,Diumide K Continus  Tablets  ,Furosemide,40,Loop Diuretics,
b914.,DIUMIDE-K CONTINUS  tabs,Furosemide,40,Loop Diuretics,
FRTA22707EMIS,Fru-Co  Tablets  ,Furosemide,40,Loop Diuretics,
b51B.,Fru-Co Tablets,Furosemide,40,Loop Diuretics,
FRTA10825BRIDL,Frumil Ls  Tablets  ,Furosemide,40,Loop Diuretics,
b516.,FRUMIL,Furosemide,40,Loop Diuretics,
b51o.,Frumil,Furosemide,40,Loop Diuretics,
FRTA1247,Frumil  Tablets  ,Furosemide,40,Loop Diuretics,
FRTA9295EMIS,Frumil Forte  Tablets  ,Furosemide,80,Loop Diuretics,
FRTA10825BRIDL,Frumil Ls  Tablets  ,Furosemide,40,Loop Diuretics,
b311.,FRUSEMIDE,Furosemide,NA,Loop Diuretics,
b312.,FRUSEMIDE,Furosemide,NA,Loop Diuretics,
FROR24963EMIS,Frusemide  Oral Solution  Sugar Free 4 mg/ml,Furosemide,20,Loop Diuretics,
FROR24964EMIS,Frusemide  Oral Solution  Sugar Free 8 mg/ml,Furosemide,40,Loop Diuretics,
FRTA1248,Frusemide  Tablets  20 mg,Furosemide,20,Loop Diuretics,
FRTA1249,Frusemide  Tablets  40 mg,Furosemide,40,Loop Diuretics,
FRTA1250,Frusemide  Tablets  500 mg,Furosemide,500,Loop Diuretics,
b51H.,FRUSEMIDE + TRIAMTERENE tabs 40mg + 50mg,Furosemide,40,Loop Diuretics,
b31y.,FRUSEMIDE inj 20mg/2ml,Furosemide,20,Loop Diuretics,
b31r.,FRUSEMIDE sf oral soln 20mg/5ml,Furosemide,20,Loop Diuretics,
b31s.,FRUSEMIDE sf oral soln 40mg/5ml,Furosemide,40,Loop Diuretics,
b31t.,FRUSEMIDE sf oral soln 50mg/5ml,Furosemide,50,Loop Diuretics,
b313.,Frusemide Tablets 500 mg,Furosemide,500,Loop Diuretics,
b31g.,FRUSID tabs 40mg,Furosemide,40,Loop Diuretics,
FRSO34644EMIS,Frusol  Solution  20 mg/5 ml,Furosemide,20,Loop Diuretics,
FRSO34645EMIS,Frusol  Solution  40 mg/5 ml,Furosemide,40,Loop Diuretics,
FUTA17675NEMIS,Furosemide  Tablets  20 mg,Furosemide,20,Loop Diuretics,
FUTA17676NEMIS,Furosemide  Tablets  40 mg,Furosemide,40,Loop Diuretics,
FUTA17677NEMIS,Furosemide  Tablets  500 mg,Furosemide,500,Loop Diuretics,
FUIN17671NEMIS,Furosemide 20mg/2ml solution for injection ampoules,Furosemide,20,Loop Diuretics,
FUOR17672NEMIS,Furosemide 20mg/5ml oral solution sugar free,Furosemide,20,Loop Diuretics,
b91d.,Furosemide 40mg / Potassium chloride 600mg (potassium 8mm...,Furosemide,40,Loop Diuretics,
FUTA18552NEMIS,Furosemide 40mg / Potassium chloride 600mg (potassium 8mmol) modified-release tablets,Furosemide,40,Loop Diuretics,
FUOR17674NEMIS,Furosemide 50mg/5ml oral solution sugar free,Furosemide,50,Loop Diuretics,
b31u.,Furosemide 50mg/5ml solution for injection ampoules,Furosemide,50,Loop Diuretics,
b31..,FUROSEMIDE sf oral soln 5mg/5ml,Furosemide,5,Loop Diuretics,
LATA1622,Lasikal  Tablets  ,Furosemide,20,Loop Diuretics,
b917.,LASIKAL TAB,Furosemide,20,Loop Diuretics,
LACA1623,Lasilactone  Capsules  ,Furosemide,20,Loop Diuretics,
b519.,Lasilactone 20mg/50mg capsules (Sanofi),Furosemide,20,Loop Diuretics,
b31i.,Lasix  Tablets  40 mg,Furosemide,40,Loop Diuretics,
LATA1629,Lasix  Tablets  40 mg,Furosemide,40,Loop Diuretics,
LATA1631,Lasix + K  Tablets,Furosemide,NA,Loop Diuretics,
LATA1628,Lasix 20mg tablets (Borg Medicare),Furosemide,20,Loop Diuretics,
b31l.,LASIX inj 20mg/2ml,Furosemide,20,Loop Diuretics,
b31h.,LASIX TAB 20,Furosemide,20,Loop Diuretics,
b918.,lasix+k tablets,Furosemide,NA,Loop Diuretics,
LATA8311BRID,Lasoride  Tablets  ,Furosemide,5 + 40,Loop Diuretics,
b34z.,PIRETANIDE CAPS 6MG,Piretanide,6,Loop Diuretics,
TOTA24440EMIS,Torasemide  Tablets  10 mg,Torasemide,10,Loop Diuretics,
TOTA24441EMIS,Torasemide  Tablets  2.5 mg,Torasemide,2.5,Loop Diuretics,
TOTA24442EMIS,Torasemide  Tablets  5 mg,Torasemide,5,Loop Diuretics,
b358.,Torasemide 10mg tablets,Torasemide,10,Loop Diuretics,
b356.,Torasemide 2.5mg tablets,Torasemide,2.5,Loop Diuretics,
b357.,Torasemide 5mg tablets,Torasemide,5,Loop Diuretics,
TRTA17682NEMIS,Triamterene 50mg / Furosemide 40mg tablets,Furosemide,40,Loop Diuretics,
TRTA997NEMIS,Triamterene And Frusemide  Tablets  50 mg + 40 mg,Furosemide,40,Loop Diuretics,
ACTA28341EMIS,Aceclofenac  Tablets  100 mg,Aceclofenac,100,NSAID,
j2m2.,Aceclofenac  Tablets  100 mg,Aceclofenac,100,NSAID,
ACCA10950BRIDL,Acemetacin 60mg capsules,Acemetacin,60,NSAID,
j2j1.,ACEMETACIN 60mg capsules,Acemetacin,60,NSAID,
diaD.,ANADIN EXTRA tabs,Ibuprofen,NA,NSAID,
ANCA16110NEMIS,Anadin Ultra  Capsules  200 mg,Ibuprofen,200,NSAID,
ARTA12807NEMIS,Arcoxia  Tablets  120 mg,Etoricoxib,120,NSAID,
ARTA12804NEMIS,Arcoxia  Tablets  60 mg,Etoricoxib,60,NSAID,
ARTA12806NEMIS,Arcoxia  Tablets  90 mg,Etoricoxib,90,NSAID,
jA56.,Arcoxia 120mg tablets (Grunenthal Ltd),Etoricoxib,120,NSAID,
ARTA28967NEMIS,Arcoxia 30mg tablets (Grunenthal Ltd),Etoricoxib,30,NSAID,
jA57.,Arcoxia 30mg tablets (Merck Sharp & Dohme Ltd),Etoricoxib,30,NSAID,
jA54.,Arcoxia 60mg tablets (Merck Sharp & Dohme Ltd),Etoricoxib,60,NSAID,
jA55.,Arcoxia 90mg tablets (Grunenthal Ltd),Etoricoxib,90,NSAID,
j22o.,ARTHROTEC,Diclofenac,NA,NSAID,
ARTA22354EMIS,Arthrotec 50  Tablets  ,Diclofenac,50,NSAID,
j22z.,Arthrotec 75  Tablets,Diclofenac,75,NSAID,
ARTA29148EMIS,Arthrotec 75  Tablets  ,Diclofenac,75,NSAID,
j22p.,ARTHROTEC tablets 50mg+200mcg,Diclofenac,50,NSAID,
j2ac.,AXORID mr cap 100mg + 20mg,Ketoprofen,100,NSAID,
jA6x.,BEXTRA FC tab 10mg,Valdecoxib,10,NSAID,
jA6y.,BEXTRA FC tab 20mg,Valdecoxib,20,NSAID,
jA6z.,BEXTRA FC tab 40mg,Valdecoxib,40,NSAID,
j2i2.,Brexidol  Tablets  20 mg,Piroxicam,20,NSAID,
BRTA34387EMIS,Brexidol 20mg tablets (Chiesi Ltd),Piroxicam,20,NSAID,
BRTA427,Brufen  Tablets  200 mg,Ibuprofen,200,NSAID,
BRTA428,Brufen  Tablets  400 mg,Ibuprofen,400,NSAID,
j288.,Brufen  Tablets  400 mg,Ibuprofen,400,NSAID,
BRTA429,Brufen  Tablets  600 mg,Ibuprofen,600,NSAID,
BRSY426,Brufen 100mg/5ml syrup (BGP Products Ltd),Ibuprofen,100,NSAID,
j287.,BRUFEN 200mg,Ibuprofen,200,NSAID,
j289.,BRUFEN 600 TABLETS,Ibuprofen,600,NSAID,
j28v.,BRUFEN grans 600mg,Ibuprofen,600,NSAID,
BRM/18880EMIS,Brufen Retard  M/R Tablets  800 mg,Ibuprofen,800,NSAID,
j28A.,Brufen Retard 800mg tablets (Abbott Laboratories Ltd),Ibuprofen,800,NSAID,
j28B.,BRUFEN RETARD TABLETS 800mg,Ibuprofen,800,NSAID,
jA21.,CELEBREX,Celecoxib,NA,NSAID,
jA22.,CELEBREX,Celecoxib,NA,NSAID,
CECA4202NEMIS,Celebrex  Capsules  100 mg,Celecoxib,100,NSAID,
CECA4203NEMIS,Celebrex  Capsules  200 mg,Celecoxib,200,NSAID,
jA2y.,CELECOXIB,Celecoxib,NA,NSAID,
jA2z.,CELECOXIB,Celecoxib,NA,NSAID,
CECA4198NEMIS,Celecoxib  Capsules  100 mg,Celecoxib,100,NSAID,
CECA4200NEMIS,Celecoxib  Capsules  200 mg,Celecoxib,200,NSAID,
j2f1.,CLINORIL 100mg tabs,Sulindac,100,NSAID,
j2f2.,CLINORIL 200MG,Sulindac,100,NSAID,
COTA34395EMIS,Condrotec Tablets,Naproxen,500,NSAID,
DETA20913NEMIS,Dexibuprofen  Tablets  400 mg,Dexibuprofen,400,NSAID,
j2tz.,Dexibuprofen 400mg tablets,Dexibuprofen,400,NSAID,
j2ty.,DEXIBUPROFEN tabs 300mg,Dexibuprofen,300,NSAID,
DETA50007EMIS,Dexketoprofen 25mg tablets,Dexketoprofen,25,NSAID,
j2qz.,Dexketoprofen 25mg tablets,Dexketoprofen,25,NSAID,
j22t.,DICLOF+MISOPROS 75/0.2mg tabs,Diclofenac,75,NSAID,
j22a.,DICLOFENAC,Diclofenac,NA,NSAID,
j22C.,DICLOFENAC,Diclofenac,NA,NSAID,
j22e.,DICLOFENAC,Diclofenac,NA,NSAID,
j22R.,DICLOFENAC,Diclofenac,NA,NSAID,
j22u.,DICLOFENAC,Diclofenac,NA,NSAID,
j22y.,DICLOFENAC,Diclofenac,NA,NSAID,
ja1Y.,DICLOFENAC,Diclofenac,NA,NSAID,
j22d.,DICLOFENAC 25mg e/c tablets,Diclofenac,25,NSAID,
DIDI9410HILLI,Diclofenac 50mg dispersible tablets sugar free,Diclofenac,50,NSAID,
j22i.,Diclofenac 50mg dispersible tablets sugar free,Diclofenac,50,NSAID,
j22J.,DICLOFENAC 50mg tabs e/c,Diclofenac,50,NSAID,
j22v.,DICLOFENAC 50mg tabs e/c,Diclofenac,50,NSAID,
DIIN9753BRIDL,Diclofenac 75mg/3ml solution for injection ampoules,Diclofenac,75,NSAID,
DITA978NEMIS,Diclofenac And Misoprostol  Tablets  50 mg + 200 micrograms,Diclofenac,50,NSAID,
DITA979NEMIS,Diclofenac And Misoprostol  Tablets  75 mg + 200 micrograms,Diclofenac,50,NSAID,
j22q.,DICLOFENAC modified release capsule 100mg,Diclofenac,100,NSAID,
j22H.,DICLOFENAC modified release capsule 75mg,Diclofenac,75,NSAID,
j2rz.,DICLOFENAC POTASSIUM,Diclofenac,NA,NSAID,
DITA1024NEMIS,Diclofenac Potassium  Tablets  25 mg,Diclofenac,25,NSAID,
DITA1026NEMIS,Diclofenac Potassium  Tablets  50 mg,Diclofenac,50,NSAID,
j2rx.,DICLOFENAC POTASSIUM tabs 12.5mg,Diclofenac,12.5,NSAID,
j2ry.,DICLOFENAC POTASSIUM tabs 25mg,Diclofenac,25,NSAID,
DITA10235BRIDL,Diclofenac Retard  Tablets  100 mg,Diclofenac,100,NSAID,
DIE/1994NEMIS,Diclofenac Sodium  E/c tablets  25 mg,Diclofenac,25,NSAID,
DIE/1995NEMIS,Diclofenac Sodium  E/C Tablets  50 mg,Diclofenac,50,NSAID,
DIM/24452EMIS,Diclofenac Sodium  M/R capsules  100 mg,Diclofenac,100,NSAID,
DIM/26683EMIS,Diclofenac Sodium  M/R Capsules  75 mg,Diclofenac,75,NSAID,
DITA884,Diclofenac Sodium  M/R Tablets  100 mg,Diclofenac,100,NSAID,
DIM/19795EMIS,Diclofenac Sodium  M/R Tablets  75 mg,Diclofenac,75,NSAID,
DITA886,Diclofenac Sodium  Tablets  50 mg,Diclofenac,50,NSAID,
DIE/26685EMIS,Diclofenac sodium 75mg gastro-resistant modified-release capsules,Diclofenac,75,NSAID,
j22..,DICLOFENAC SODIUM ec tab 50mg,Diclofenac,50,NSAID,
j229.,DICLOFENAC SODIUM inj 75mg/3ml,Diclofenac,75,NSAID,
DITA26778EMIS,Dicloflex  Tablets  50 mg,Diclofenac,50,NSAID,
j22K.,DICLOFLEX RETARD TABS 100mg,Diclofenac,100,NSAID,
DIM/22313EMIS,Diclomax Retard  M/R Capsules  100 mg,Diclofenac,100,NSAID,
DIM/26681EMIS,Diclomax Sr  M/R Capsules  75 mg,Diclofenac,75,NSAID,
j2o5.,DICLOVOL,Diclofenac sodium,NA,NSAID,
j2o6.,DICLOVOL SR mr tab 75mg,Diclofenac sodium,75,NSAID,
j2o3.,DIFENOR XL TAB 100,Diclofenac sodium,100,NSAID,
e758.,DOXYCYCLINE,Doxycycline,NA,NSAID,
DOCA4868,Doxycycline  Capsules  100 mg,Doxycycline,100,NSAID,
DOCA7112,Doxycycline  Capsules  50 mg,Doxycycline,50,NSAID,
e75x.,Doxycycline  Capsules  50 mg,Doxycycline,50,NSAID,
DOTA983,Doxycycline  Tablets  100 mg,Doxycycline,100,NSAID,
DOCA17639NEMIS,Doxycycline 100mg capsules,Doxycycline,100,NSAID,
DODI17640NEMIS,Doxycycline 100mg dispersible tablets sugar free,Doxycycline,100,NSAID,
e75z.,Doxycycline 100mg dispersible tablets sugar free,Doxycycline,100,NSAID,
DOTA17641NEMIS,Doxycycline 20mg tablets,Doxycycline,20,NSAID,
e75t.,Doxycycline 20mg tablets,Doxycycline,20,NSAID,
DOM/37467NEMIS,Doxycycline 40mg modified-release capsules,Doxycycline,40,NSAID,
e75s.,Doxycycline 40mg modified-release capsules,Doxycycline,40,NSAID,
DOCA32449EMIS,Doxycycline 50mg capsules,Doxycycline,50,NSAID,
e75v.,DOXYCYCLINE HYCLATE tabs 100mg,Doxycycline,100,NSAID,
e752.,DOXYLAR caps 100mg,Doxycycline,50,NSAID,
j24C.,ECCOXOLAC caps 300mg,Etodolac,300,NSAID,
EMCA10948BRIDL,Emflex  Capsules  60 mg,Acemetacin,60,NSAID,
j2j2.,EMFLEX CAP 60,Acemetacin,60,NSAID,
ETCA4907,Etodolac  Capsules  200 mg,Etodolac,200,NSAID,
ETCA10348BRIDL,Etodolac  Capsules  300 mg,Etodolac,300,NSAID,
ETM/24010EMIS,Etodolac  M/R Tablets  600 mg,Etodolac,600,NSAID,
j249.,Etodolac  M/R Tablets  600 mg,Etodolac,600,NSAID,
j247.,ETODOLAC 300MG,Etodolac,300,NSAID,
j243.,ETODOLAC CAP 200mg,Etodolac,200,NSAID,
j246.,Etodolac Tablets 200mg,Etodolac,200,NSAID,
ETTA12811NEMIS,Etoricoxib  Tablets  120 mg,Etoricoxib,120,NSAID,
jA53.,Etoricoxib  Tablets  120 mg,Etoricoxib,120,NSAID,
ETTA28966NEMIS,Etoricoxib  Tablets  30 mg,Etoricoxib,30,NSAID,
ETTA12809NEMIS,Etoricoxib  Tablets  60 mg,Etoricoxib,60,NSAID,
jA51.,Etoricoxib  Tablets  60 mg,Etoricoxib,60,NSAID,
ETTA12810NEMIS,Etoricoxib  Tablets  90 mg,Etoricoxib,90,NSAID,
jA58.,Etoricoxib 30mg tablets,Etoricoxib,30,NSAID,
jA52.,Etoricoxib 90mg tablets,Etoricoxib,90,NSAID,
j2e3.,FELDENE,Piroxicam,NA,NSAID,
FECA1148,Feldene  Capsules  10 mg,Piroxicam,10,NSAID,
FECA1149,Feldene  Capsules  20 mg,Piroxicam,20,NSAID,
FEDI1151,Feldene  Dispersible tablets  20 mg,Piroxicam,20,NSAID,
j2e5.,FELDENE 10mg disp. tabs,Piroxicam,10,NSAID,
j2e4.,FELDENE 20 CAP 20,Piroxicam,20,NSAID,
j2e6.,FELDENE disp tab 20mg,Piroxicam,20,NSAID,
FETA22463EMIS,Feldene Melt  Orodispersible Tablets  20 mg,Piroxicam,20,NSAID,
j2ec.,FELDENE MELT 20MG,Piroxicam,20,NSAID,
FETA13655NEMIS,Fenactol  Gastro-Resistant Tablets  50 mg,Diclofenac,50,NSAID,
FETA13653NEMIS,Fenactol  Tablets  25 mg,Diclofenac,25,NSAID,
j2or.,Fenactol 50mg gastro-resistant tablets (Discovery Pharmac...,Diclofenac,50,NSAID,
j2oq.,FENACTOL ec tab 25mg,Diclofenac,25,NSAID,
FEM/13659NEMIS,Fenactol Retard  M/R Tablets  100 mg,Diclofenac,100,NSAID,
j2ot.,FENACTOL RETARD tabs 100mg,Diclofenac,100,NSAID,
FEM/13657NEMIS,Fenactol Sr  M/R Tablets  75 mg,Diclofenac,75,NSAID,
j2os.,Fenactol SR 75mg tablets (Discovery Pharmaceuticals Ltd),Diclofenac,75,NSAID,
j257.,FENBUFEN,Fenbufen,NA,NSAID,
FETA1157,Fenbufen  Tablets  300 mg,Fenbufen,300,NSAID,
j258.,FENBUFEN TAB 300,Fenbufen,300,NSAID,
j25y.,FENBUFEN TAB 450mg,Fenbufen,450,NSAID,
FETA1159,Fenoprofen  Tablets  300 mg,Fenoprofen,300,NSAID,
FETA1160,Fenoprofen 600mg tablets,Fenoprofen,600,NSAID,
j264.,FENOPROFEN TAB 600,Fenoprofen,600,NSAID,
j263.,FENOPROFEN TABLETS 300 MG,Fenoprofen,300,NSAID,
FETA1161,Fenopron  Tablets  300 mg,Fenoprofen,300,NSAID,
FETA1162,Fenopron  Tablets  600 mg,Fenoprofen,600,NSAID,
j262.,FENOPRON TAB 600mg,Fenoprofen,600,NSAID,
FLM/26557EMIS,Flamrase SR 100mg tablets (Teva UK Ltd),Diclofenac,100,NSAID,
FLTA8363EGTON,Flexin Continus  M/R tablets  75 mg,Indometacin,75,NSAID,
j29C.,FLEXIN CONTINUS LS TABLETS 50 MG,Indometacin,50,NSAID,
j29p.,FLEXIN CONTINUS TAB 75,Indometacin,75,NSAID,
j29B.,FLEXIN CONTINUS tabs 25mg,Indometacin,25,NSAID,
FLTA9566EMIS,Flexin-25 Continus  M/R Tablets  25 mg,Indometacin,25,NSAID,
FLLO1529NEMIS,Flurbiprofen  Lozenges  8.75 mg,Flurbiprofen,NA,NSAID,
FLTA1216,Flurbiprofen 100mg tablets,Flurbiprofen,100,NSAID,
j27y.,Flurbiprofen 100mg tablets,Flurbiprofen,100,NSAID,
j27x.,Flurbiprofen 50mg tablets,Flurbiprofen,50,NSAID,
lf3z.,Flurbiprofen 8.75mg lozenges,Flurbiprofen,NA,NSAID,
j275.,FLURBIPROFEN mr cap 200mg,Flurbiprofen,100,NSAID,
FLCA10333BRIDL,Flurbiprofen Sr  Capsules  200 mg,Flurbiprofen,200,NSAID,
j281.,IBUPROFEN,Ibuprofen,NA,NSAID,
j282.,IBUPROFEN,Ibuprofen,NA,NSAID,
ja1U.,IBUPROFEN,Ibuprofen,NA,NSAID,
ja1x.,IBUPROFEN,Ibuprofen,NA,NSAID,
IBCA29306NEMIS,Ibuprofen  Capsules  200 mg,Ibuprofen,200,NSAID,
IBCA1427,Ibuprofen  Capsules  300 mg,Ibuprofen,300,NSAID,
IBFC10455BRIDL,Ibuprofen  Fc Tablets  800 mg,Ibuprofen,800,NSAID,
IBGR19661EMIS,Ibuprofen  Granules  600 mg/sachet,Ibuprofen,600,NSAID,
IBM/18882EMIS,Ibuprofen  M/R Tablets  800 mg,Ibuprofen,800,NSAID,
IBSU34992EMIS,Ibuprofen  Sugar-Free Suspension  100 mg/5 ml,Ibuprofen,100,NSAID,
IBSU13346NEMIS,Ibuprofen  Suspension  100 mg/5 ml,Ibuprofen,100,NSAID,
IBSY1428,Ibuprofen  Syrup  100 mg/5 ml,Ibuprofen,100,NSAID,
IBTA1429,Ibuprofen  Tablets  200 mg,Ibuprofen,200,NSAID,
IBTA1430,Ibuprofen  Tablets  400 mg,Ibuprofen,400,NSAID,
IBTA1431,Ibuprofen  Tablets  600 mg,Ibuprofen,600,NSAID,
j283.,Ibuprofen  Tablets  600 mg,Ibuprofen,600,NSAID,
j28z.,IBUPROFEN & CODEINE mr tab 300mg + 20mg,Ibuprofen,300,NSAID,
dic6.,IBUPROFEN + PSEUDOEPHEDRINE HCl tabs 200mg + 30mg,Ibuprofen,200,NSAID,
j28w.,Ibuprofen 100mg/5ml oral suspension,Ibuprofen,100,NSAID,
IBOR24735NEMIS,Ibuprofen 100mg/5ml oral suspension 5ml sachets sugar free,Ibuprofen,100,NSAID,
j28Y.,Ibuprofen 100mg/5ml oral suspension sugar free,Ibuprofen,100,NSAID,
j2pJ.,Ibuprofen 200mg capsules,Ibuprofen,200,NSAID,
j28x.,Ibuprofen 200mg modified-release capsules,Ibuprofen,200,NSAID,
IBDI14330NEMIS,Ibuprofen 200mg orodispersible tablets sugar free,Ibuprofen,200,NSAID,
IBM/25575NEMIS,Ibuprofen 300mg modified-release capsules,Ibuprofen,300,NSAID,
j2pW.,Ibuprofen 400mg capsules,Ibuprofen,400,NSAID,
j28u.,IBUPROFEN 800mg tablets,Ibuprofen,800,NSAID,
j28P.,IBUPROFEN grans 600mg,Ibuprofen,600,NSAID,
IBTA19439NEMIS,Ibuprofen M/r And Codeine  Tablets  300 mg + 20 mg,Ibuprofen,300,NSAID,
INCA1458,Indocid  Capsules  25 mg,Indometacin,25,NSAID,
j299.,Indocid  Capsules  25 mg,Indometacin,75,NSAID,
INCA1459,Indocid  Capsules  50 mg,Indometacin,50,NSAID,
j29a.,INDOCID 50mg,Indometacin,50,NSAID,
INCA1462,Indocid R 75mg capsules (Merck Sharp & Dohme Ltd),Indometacin,75,NSAID,
j29d.,INDOCID R caps 75mg,Indometacin,75,NSAID,
j29i.,INDOLAR SR caps 75mg,Indometacin,75,NSAID,
j291.,INDOMETACIN,Indometacin,NA,NSAID,
INCA17688NEMIS,Indometacin  Capsules  25 mg,Indometacin,25,NSAID,
INCA17689NEMIS,Indometacin  Capsules  50 mg,Indometacin,50,NSAID,
j292.,Indometacin  Capsules  50 mg,Indometacin,50,NSAID,
INM/17695NEMIS,Indometacin  M/R Capsules  75 mg,Indometacin,75,NSAID,
INM/17691NEMIS,Indometacin 25mg modified-release tablets,Indometacin,25,NSAID,
j29y.,Indometacin 75mg modified-release capsules,Indometacin,75,NSAID,
INM/17693NEMIS,Indometacin 75mg modified-release tablets,Indometacin,75,NSAID,
j29z.,INDOMETACIN mr cap 25mg,Indometacin,25,NSAID,
j29E.,INDOMETACIN mr tab 25mg,Indometacin,25,NSAID,
INCA5024,Indomethacin  Capsules  25 mg,Indometacin,25,NSAID,
INCA6932,Indomethacin  Capsules  50 mg,Indometacin,50,NSAID,
INSL10307BRIDL,Indomethacin  M/R Capsules  25 mg,Indometacin,25,NSAID,
INSL9953BRIDL,Indomethacin  M/R capsules  75 mg,Indometacin,75,NSAID,
INS/9570EMIS,Indomethacin  M/R Tablets  25 mg,Indometacin,25,NSAID,
INS/9572EMIS,Indomethacin  M/R Tablets  75 mg,Indometacin,75,NSAID,
INCA1465,Indomod  M/R Capsules  25 mg,Indometacin,25,NSAID,
INCA1466,Indomod  M/R Capsules  75 mg,Indometacin,75,NSAID,
j29j.,INDOMOD mr cap 25mg,Indometacin,25,NSAID,
j2q1.,KERAL FC tab 25mg,Dexketoprofen,25,NSAID,
KEM/26315EMIS,Ketocid 200 modified-release capsules (Chiesi Ltd),Ketoprofen,200,NSAID,
j2aI.,KETOCID CAP 200,Ketoprofen,200,NSAID,
j2a2.,Ketoprofen  Capsules  100 mg,Ketoprofen,100,NSAID,
KECA1569,Ketoprofen  Capsules  100 mg,Ketoprofen,100,NSAID,
KECA1571,Ketoprofen  Capsules  50 mg,Ketoprofen,50,NSAID,
KECA8761BRIDL,Ketoprofen  M/R Capsules  100 mg,Ketoprofen,100,NSAID,
j2aw.,Ketoprofen  M/R Capsules  150 mg,Ketoprofen,150,NSAID,
KEM/24099EMIS,Ketoprofen  M/R Capsules  150 mg,Ketoprofen,150,NSAID,
j2az.,Ketoprofen  M/R Capsules  200 mg,Ketoprofen,200,NSAID,
KECA8763BRIDL,Ketoprofen  M/R Capsules  200 mg,Ketoprofen,200,NSAID,
KEIN9516EMIS,Ketoprofen 100mg/2ml solution for injection ampoules,Ketoprofen,250,NSAID,
j2a1.,KETOPROFEN CAP 50mg,Ketoprofen,50,NSAID,
j2ay.,KETOPROFEN mr cap 100mg,Ketoprofen,100,NSAID,
o4a1.,Ketorolac 30mg/1ml solution for injection ampoules,Ketorolac,30,NSAID,
o4a3.,KETOROLAC TROMETAMOL tabs 10mg,Ketorolac,10,NSAID,
j251.,LEDERFEN,Fenbufen,NA,NSAID,
LECA1637,Lederfen  Capsules  300 mg,Fenbufen,300,NSAID,
LEEF9723BRIDL,Lederfen  Effervescent Tablets  450 mg,Fenbufen,450,NSAID,
j255.,Lederfen  Tablets  450 mg,Fenbufen,450,NSAID,
LETA10497BRIDL,Lederfen  Tablets  450 mg,Fenbufen,450,NSAID,
j253.,LEDERFEN (CALENDAR P TAB 300,Fenbufen,300,NSAID,
LETA1638,Lederfen 300mg tablets (Mercury Pharma Group Ltd),Fenbufen,300,NSAID,
j252.,LEDERFEN caps 300mg,Fenbufen,300,NSAID,
j256.,LEDERFEN F TAB 450,Fenbufen,450,NSAID,
LOCA1682,Lodine  Capsules  200 mg,Etodolac,200,NSAID,
LOCA9511BRIDL,Lodine  Capsules  300 mg,Etodolac,300,NSAID,
j241.,LODINE 200mg caps,Etodolac,200,NSAID,
j244.,LODINE 300mg caps,Etodolac,300,NSAID,
j248.,LODINE S/R TAB 600,Etodolac,600,NSAID,
LOM/24008EMIS,Lodine Sr  M/R Tablets  600 mg,Etodolac,600,NSAID,
LOTA10616BRIDL,Lodine Tablets 200 mg,Etodolac,200,NSAID,
j2b1.,MEFENAMIC ACID,Mefenamic acid,NA,NSAID,
j2bx.,MEFENAMIC ACID,Mefenamic acid,NA,NSAID,
MECA1751,Mefenamic Acid  Capsules  250 mg,Mefenamic acid,250,NSAID,
META1753,Mefenamic Acid  Tablets  500 mg,Mefenamic acid,500,NSAID,
j2n2.,MELOXICAM,Meloxicam,NA,NSAID,
j2n3.,MELOXICAM,Meloxicam,NA,NSAID,
META28880EMIS,Meloxicam  Tablets  15 mg,Meloxicam,15,NSAID,
META28881EMIS,Meloxicam  Tablets  7.5 mg,Meloxicam,7.5,NSAID,
MOTA28874EMIS,Mobic  Tablets  15 mg,Meloxicam,15,NSAID,
j2n5.,Mobic  Tablets  7.5 mg,Meloxicam,7.5,NSAID,
MOTA28875EMIS,Mobic  Tablets  7.5 mg,Meloxicam,7.5,NSAID,
j2n6.,MOBIC TAB 15,Meloxicam,15,NSAID,
MOTA8330EGTON,Mobiflex  Tablets  20 mg,Tenoxicam,20,NSAID,
j2l2.,MOBIFLEX 20mg tabs,Tenoxicam,20,NSAID,
j22B.,Motifene 75mg modified-release capsules (Daiichi Sankyo U...,Diclofenac,75,NSAID,
MOM/25331EMIS,Motifene 75mg modified-release capsules (Daiichi Sankyo UK Ltd),Diclofenac,75,NSAID,
NATA5182,Nabumetone  Tablets  500 mg,Nabumetone,500,NSAID,
j2k2.,Nabumetone 500mg tablets,Nabumetone,500,NSAID,
NAE/9385EMIS,Naprosyn  E/C Tablets  250 mg,Naproxen,250,NSAID,
j2cq.,Naprosyn  E/C Tablets  500 mg,Naproxen,500,NSAID,
NAE/9387EMIS,Naprosyn  E/C Tablets  500 mg,Naproxen,500,NSAID,
NATA1936,Naprosyn  Tablets  250 mg,Naproxen,250,NSAID,
j2c6.,Naprosyn  Tablets  500 mg,Naproxen,500,NSAID,
NATA1937,Naprosyn  Tablets  500 mg,Naproxen,500,NSAID,
j2c5.,NAPROSYN 250mg,Naproxen,250,NSAID,
j2cE.,NAPROSYN 500mg,Naproxen,500,NSAID,
j2co.,Naprosyn E/C Tablets 250 mg,Naproxen,250,NSAID,
NAE/9386EMIS,Naprosyn EC 375mg tablets (Atnahs Pharma UK Ltd),Naproxen,375,NSAID,
j2cp.,Naprosyn EC 375mg tablets (Roche Products Ltd),Naproxen,375,NSAID,
j2c1.,NAPROXEN,Naproxen,NA,NSAID,
j2ck.,Naproxen  E/C Tablets  250 mg,Naproxen,250,NSAID,
NAE/9202EMIS,Naproxen  E/C Tablets  250 mg,Naproxen,250,NSAID,
NAE/9389EMIS,Naproxen  E/C Tablets  375 mg,Naproxen,375,NSAID,
j2cl.,Naproxen  E/C Tablets  500 mg,Naproxen,500,NSAID,
NAE/9203EMIS,Naproxen  E/C Tablets  500 mg,Naproxen,500,NSAID,
NAM/21941EMIS,Naproxen  M/R Tablets  500 mg,Naproxen,500,NSAID,
NATA1938,Naproxen  Tablets  250 mg,Naproxen,250,NSAID,
j2c2.,Naproxen  Tablets  500 mg,Naproxen,500,NSAID,
NATA1939,Naproxen  Tablets  500 mg,Naproxen,500,NSAID,
j2cx.,NAPROXEN & MISOPROSTOL (combined) tabs 500mg+200mcg,Naproxen,500,NSAID,
j2cu.,NAPROXEN & MISOPROSTOL tabs 500mg+200mcg,Naproxen,500,NSAID,
j2cZ.,NAPROXEN + ESOMEPRAZOLE mr tab 500mg + 20mg,Naproxen,500,NSAID,
j2cw.,Naproxen 375mg gastro-resistant tablets,Naproxen,375,NSAID,
NAM/47266NEMIS,Naproxen 500mg / Esomeprazole 20mg modified-release tablets,Naproxen,500,NSAID,
NATA19446NEMIS,Naproxen And Misoprostol  Tablets  500 mg + 200 micrograms,Naproxen,500,NSAID,
j2ct.,naproxen controlled release tablet 500mg,Naproxen,500,NSAID,
j2cv.,NAPROXEN GRANULES 500 MG,Naproxen,500,NSAID,
j2c..,NAPROXEN oral susp 200mg/5ml,Naproxen,200,NSAID,
di8z.,NAPROXEN SODIUM TAB 275,Naproxen,275,NSAID,
j2ch.,NAPROXEN TAB 375,Naproxen,375,NSAID,
NOCA4045,Nordox  Capsules  100 mg,Doxycycline,100,NSAID,
e753.,NORDOX CAP 100,Doxycycline,100,NSAID,
j2ci.,NYCOPREN TAB 250,Naproxen,500,NSAID,
j2cj.,NYCOPREN TAB 500,Naproxen,500,NSAID,
ORCA2113,Orudis  Capsules  50 mg,Ketoprofen,50,NSAID,
j2a6.,ORUDIS 100mg,Ketoprofen,100,NSAID,
ORCA2115,Oruvail  M/R Capsules  100 mg,Ketoprofen,100,NSAID,
j2aG.,Oruvail  M/R Capsules  150 mg,Ketoprofen,150,NSAID,
j2a9.,Oruvail  M/R Capsules  200 mg,Ketoprofen,200,NSAID,
ORM/24102EMIS,Oruvail  M/R Capsules  200 mg,Ketoprofen,200,NSAID,
j2a8.,ORUVAIL 100mg caps s/r,Ketoprofen,100,NSAID,
j2aa.,ORUVAIL INJ 50,Ketoprofen,50,NSAID,
j2e1.,PIROXICAM,Piroxicam,20,NSAID,
PICA2279,Piroxicam  Capsules  10 mg,Piroxicam,20,NSAID,
j2e2.,Piroxicam  Capsules  20 mg,Piroxicam,20,NSAID,
PICA2280,Piroxicam  Capsules  20 mg,Piroxicam,20,NSAID,
PIDI2282,Piroxicam  Dispersible Tablets  20 mg,Piroxicam,20,NSAID,
PIME22465EMIS,Piroxicam  Orodispersible Tablets  20 mg,Piroxicam,20,NSAID,
j2i1.,PIROXICAM (AS BETA-CYCLODEXTRIN) tabs 20mg,Piroxicam,20,NSAID,
PIDI2281,Piroxicam 10mg dispersible tablets,Piroxicam,20,NSAID,
j2ew.,Piroxicam 20mg orodispersible tablets sugar free,Piroxicam,20,NSAID,
PITA34389EMIS,Piroxicam betadex 20mg tablets,Piroxicam,20,NSAID,
j2ey.,PIROXICAM disp tab 20mg,Piroxicam,20,NSAID,
j2ex.,PIROXICAM DISPERSIBL TAB 10,Piroxicam,20,NSAID,
j2b2.,Ponstan  Capsules  250 mg,Mefenamic acid,250,NSAID,
POCA2306,Ponstan  Capsules  250 mg,Mefenamic acid,250,NSAID,
j2b3.,Ponstan  Tablets Forte  500 mg,Mefenamic acid,500,NSAID,
POTA2309,Ponstan  Tablets Forte  500 mg,Mefenamic acid,500,NSAID,
j2b5.,PONSTAN DISPERSIBLE  250mg tabs,Mefenamic acid,250,NSAID,
PRTA28339EMIS,Preservex  Tablets  100 mg,Aceclofenac,100,NSAID,
j2m1.,PRESERVEX TAB 100,Aceclofenac,100,NSAID,
RETA2443,Relifex  Tablets  500 mg,Nabumetone,500,NSAID,
j2k1.,RELIFEX 500mg,Nabumetone,500,NSAID,
j2k3.,RELIFEX SUS 500,Nabumetone,500,NSAID,
SETA20916NEMIS,Seractil  Tablets  400 mg,Dexibuprofen,400,NSAID,
SOTA2636,Solpadeine  Tablets  ,Ibuprofen,NA,NSAID,
dibn.,SOLPADEINE SOL TAB,Ibuprofen,NA,NSAID,
j2fz.,SULINDAC,Sulindac,NA,NSAID,
SUTA2724,Sulindac  Tablets  100 mg,Sulindac,100,NSAID,
SUTA2725,Sulindac  Tablets  200 mg,Sulindac,200,NSAID,
j2fy.,Sulindac 100mg tablets,Sulindac,100,NSAID,
j2g2.,SURGAM 300 TAB 300,Tiaprofenic acid,300,NSAID,
SUTA2745,Surgam 300mg tablets (Sanofi),Tiaprofenic acid,300,NSAID,
SUCA8866BRIDL,Surgam Sa  Capsules  300 mg,Tiaprofenic acid,300,NSAID,
j2g4.,SURGAM SA CAP 300,Tiaprofenic acid,300,NSAID,
j2g1.,SURGAM TABLETS 200 MG,Tiaprofenic acid,200,NSAID,
SYTA4369,Synflex  Tablets  275 mg,Naproxen,275,NSAID,
di81.,SYNFLEX 275mg,Naproxen,275,NSAID,
TETA20599EMIS,Tenoxicam  Tablets  20 mg,Tenoxicam,20,NSAID,
j2l1.,TENOXICAM 20MG,Tenoxicam,20,NSAID,
j2g5.,TIAPROFENIC ACID,Tiaprofenic acid,NA,NSAID,
j2gx.,TIAPROFENIC ACID,Tiaprofenic acid,NA,NSAID,
TIS/9948HILLI,Tiaprofenic Acid  S/R Capsules  300 mg,Tiaprofenic acid,300,NSAID,
TITA9554EMIS,Tiaprofenic acid 200mg tablets,Tiaprofenic acid,200,NSAID,
j2gy.,TIAPROFENIC ACID 300mg tablets,Tiaprofenic acid,300,NSAID,
TOTA31373EMIS,Tolfenamic Acid  Tablets  200 mg,Tolfenamic Acid,200,NSAID,
dl63.,TOLFENAMIC ACID 200MG,Tolfenamic Acid,200,NSAID,
VATA15390NEMIS,Valdecoxib  Tablet  10 mg,Valdecoxib,10,NSAID,
VATA15393NEMIS,Valdecoxib  Tablet  40 mg,Valdecoxib,40,NSAID,
VATA15392NEMIS,Valdecoxib 20mg tablets,Valdecoxib,20,NSAID,
jA61.,VALDECOXIB tabs 10mg,Valdecoxib,10,NSAID,
jA62.,VALDECOXIB tabs 20mg,Valdecoxib,20,NSAID,
VAE/9987HILLI,Valenac  Tablets  25 mg,Diclofenac,25,NSAID,
VAE/9988HILLI,Valenac  Tablets  50 mg,Diclofenac,25,NSAID,
VICA4503,Vibramycin  Capsules  100 mg,Doxycycline,100,NSAID,
VICA4504,Vibramycin  Capsules  50 mg,Doxycycline,100,NSAID,
e755.,VIBRAMYCIN 100mg,Doxycycline,100,NSAID,
e754.,VIBRAMYCIN 50 caps,Doxycycline,100,NSAID,
e757.,VIBRAMYCIN D disp tab 100mg,Doxycycline,100,NSAID,
VITA3041,Vibramycin-D  Dispersible Tablets  100 mg,Doxycycline,100,NSAID,
VITA474NEMIS,Vioxx  Tablets  12.5 mg,Rofecoxib,12.5,NSAID,
VITA475NEMIS,Vioxx  Tablets  25 mg,Rofecoxib,25,NSAID,
jA15.,VIOXX ACUTE tabs 25mg,Rofecoxib,25,NSAID,
jA16.,VIOXX ACUTE tabs 50mg,Rofecoxib,50,NSAID,
jA13.,VIOXX susp 12.5mg/5ml,Rofecoxib,12.5,NSAID,
jA14.,VIOXX susp 25mg/5ml,Rofecoxib,25,NSAID,
jA11.,VIOXX tablets 12.5mg,Rofecoxib,12.5,NSAID,
jA12.,Vioxx Tablets 25mg,Rofecoxib,25,NSAID,
VITA11577NEMIS,Vioxxacute  Tablets  25 mg,Rofecoxib,25,NSAID,
VITA11578NEMIS,VioxxAcute 50mg tablets (Merck Sharp & Dohme Ltd),Rofecoxib,50,NSAID,
VOTA9039BRIDL,Volraman 50mg gastro-resistant tablets (LPC Medical (UK) Ltd),Diclofenac,50,NSAID,
j22f.,VOLRAMAN TAB 25,Diclofenac,25,NSAID,
VOM/13542NEMIS,Volsaid Retard 100 tablets (Chiesi Ltd),Diclofenac,100,NSAID,
VOM/13540NEMIS,Volsaid Retard 75 tablets (Chiesi Ltd),Diclofenac,75,NSAID,
VOM/28769EMIS,Volsaid Sr 100  M/R Tablets  100 mg,Diclofenac,100,NSAID,
VOM/28767EMIS,Volsaid Sr 75  M/R Tablets  75 mg,Diclofenac,75,NSAID,
j222.,VOLTAROL,Diclofenac,NA,NSAID,
VOTA3064,Voltarol  Tablets  25 mg,Diclofenac,25,NSAID,
VOTA3065,Voltarol  Tablets  50 mg,Diclofenac,50,NSAID,
j221.,voltarol 25mg tablets,Diclofenac,25,NSAID,
VODI9425BRIDL,Voltarol 50mg dispersible tablets (Novartis Pharmaceuticals UK Ltd),Diclofenac,50,NSAID,
j22n.,Voltarol 75 Mg Sr  M/R Tablets  75 mg,Diclofenac,75,NSAID,
VOS/18019EMIS,Voltarol 75mg SR tablets (Novartis Pharmaceuticals UK Ltd),Diclofenac,75,NSAID,
j223.,VOLTAROL inj 25mg/ml,Diclofenac,25,NSAID,
j2r3.,VOLTAROL PAIN-EZE tabs 12.5mg,Diclofenac,12.5,NSAID,
j2r1.,VOLTAROL RAPID tabs 25mg,Diclofenac,25,NSAID,
j2r2.,VOLTAROL RAPID tabs 50mg,Diclofenac,50,NSAID,
j226.,Voltarol Retard  M/R Tablets  100 mg,Diclofenac,100,NSAID,
VOTA3066,Voltarol Retard  M/R Tablets  100 mg,Diclofenac,100,NSAID,
CHTA601,Chlorpropamide 250mg tablets,Chlorpropamide,250,Other nephrotoxins,
f322.,CHLORPROPAMIDE 250mgs,Chlorpropamide,250,Other nephrotoxins,
f321.,CHLORPROPAMIDE TAB 100mg,Chlorpropamide,100,Other nephrotoxins,
f323.,DIABINESE TAB 100mg,Chlorpropamide,100,Other nephrotoxins,
f324.,DIABINESE TAB 250mg,Chlorpropamide,250,Other nephrotoxins,
d61s.,LITHIUM CARB 200mg,Lithium Salts,200,Other nephrotoxins,
d61v.,LITHIUM CARB 250mg,Lithium Salts,250,Other nephrotoxins,
d61z.,LITHIUM CARB 400mg,Lithium Salts,400,Other nephrotoxins,
LITA5092,Lithium Carbonate  M/R Tablets  200 mg,Lithium Salts,200,Other nephrotoxins,
LITA5093,Lithium Carbonate  M/R tablets  300 mg,Lithium Salts,300,Other nephrotoxins,
LITA1678,Lithium Carbonate  M/R Tablets  400 mg,Lithium Salts,400,Other nephrotoxins,
LITA5094,Lithium Carbonate  M/R Tablets  450 mg,Lithium Salts,450,Other nephrotoxins,
LITA1677,Lithium Carbonate  Tablets  250 mg,Lithium Salts,250,Other nephrotoxins,
d61x.,Lithium carbonate 450mg modified-release tablets,Lithium Salts,450,Other nephrotoxins,
d615.,LITHIUM CARBONATE MR 200MG,Lithium Salts,200,Other nephrotoxins,
d61y.,LITHIUM CARBONATE S/R TAB 300,Lithium Salts,300,Other nephrotoxins,
d62w.,LITHIUM CITRATE sf liq 520mg/5ml,Lithium Salts,520,Other nephrotoxins,
PRLI9836HILLI,Priadel  Liquid  520 mg/5 ml,Lithium Salts,520,Other nephrotoxins,
PRTA2344,Priadel  M/R Tablets  200 mg,Lithium Salts,200,Other nephrotoxins,
PRTA2345,Priadel  M/R Tablets  400 mg,Lithium Salts,400,Other nephrotoxins,
d616.,PRIADEL 200 TAB 200,Lithium Salts,200,Other nephrotoxins,
d624.,Priadel 520mg/5ml liquid (Sanofi),Lithium Salts,520,Other nephrotoxins,
d625.,PRIADEL LIQ 520,Lithium Salts,520,Other nephrotoxins,
KATA1538,Kalspare  Tablets  ,Triamterene,50,ALD_ANT,
b518.,Kalspare tablets (DHP Healthcare Ltd),Triamterene,50,ALD_ANT,
bkK2.,Macitentan 10mg tablets,Macitentan,10,ARBs,
